2025-10-16T14:40:14.944+08:00  INFO 18568 --- [main] c.gzu.divination.DivinationApplication   : Starting DivinationApplication using Java 22.0.2 with PID 18568 (C:\Users\肖泽生\Downloads\divination\divination\target\classes started by 肖泽生 in C:\Users\肖泽生\Downloads\divination\divination)
2025-10-16T14:40:14.947+08:00  INFO 18568 --- [main] c.gzu.divination.DivinationApplication   : No active profile set, falling back to 1 default profile: "default"
2025-10-16T14:40:15.659+08:00  INFO 18568 --- [main] .s.d.r.c.RepositoryConfigurationDelegate : Multiple Spring Data modules found, entering strict repository configuration mode
2025-10-16T14:40:15.660+08:00  INFO 18568 --- [main] .s.d.r.c.RepositoryConfigurationDelegate : Bootstrapping Spring Data JPA repositories in DEFAULT mode.
2025-10-16T14:40:15.674+08:00  INFO 18568 --- [main] .s.d.r.c.RepositoryConfigurationDelegate : Finished Spring Data repository scanning in 7 ms. Found 0 JPA repository interfaces.
2025-10-16T14:40:15.697+08:00  INFO 18568 --- [main] .s.d.r.c.RepositoryConfigurationDelegate : Multiple Spring Data modules found, entering strict repository configuration mode
2025-10-16T14:40:15.698+08:00  INFO 18568 --- [main] .s.d.r.c.RepositoryConfigurationDelegate : Bootstrapping Spring Data MongoDB repositories in DEFAULT mode.
2025-10-16T14:40:15.702+08:00  INFO 18568 --- [main] .s.d.r.c.RepositoryConfigurationDelegate : Finished Spring Data repository scanning in 2 ms. Found 0 MongoDB repository interfaces.
2025-10-16T14:40:15.710+08:00  INFO 18568 --- [main] .s.d.r.c.RepositoryConfigurationDelegate : Multiple Spring Data modules found, entering strict repository configuration mode
2025-10-16T14:40:15.711+08:00  INFO 18568 --- [main] .s.d.r.c.RepositoryConfigurationDelegate : Bootstrapping Spring Data Redis repositories in DEFAULT mode.
2025-10-16T14:40:15.720+08:00  INFO 18568 --- [main] .s.d.r.c.RepositoryConfigurationDelegate : Finished Spring Data repository scanning in 3 ms. Found 0 Redis repository interfaces.
2025-10-16T14:40:16.291+08:00  INFO 18568 --- [main] o.s.b.w.embedded.tomcat.TomcatWebServer  : Tomcat initialized with port 8080 (http)
2025-10-16T14:40:16.304+08:00  INFO 18568 --- [main] o.apache.catalina.core.StandardService   : Starting service [Tomcat]
2025-10-16T14:40:16.304+08:00  INFO 18568 --- [main] o.apache.catalina.core.StandardEngine    : Starting Servlet engine: [Apache Tomcat/10.1.42]
2025-10-16T14:40:16.359+08:00  INFO 18568 --- [main] o.a.c.c.C.[Tomcat].[localhost].[/]       : Initializing Spring embedded WebApplicationContext
2025-10-16T14:40:16.360+08:00  INFO 18568 --- [main] w.s.c.ServletWebServerApplicationContext : Root WebApplicationContext: initialization completed in 1374 ms
2025-10-16T14:40:16.855+08:00 ERROR 18568 --- [main] com.alibaba.druid.pool.DruidDataSource   : init datasource error, url: jdbc:mysql://localhost:3306/logistics?serverTimezone=Asia/Shanghai&characterEncoding=UTF-8

java.sql.SQLException: Access denied for user '肖泽生'@'localhost' (using password: NO)
	at com.mysql.cj.jdbc.exceptions.SQLError.createSQLException(SQLError.java:130) ~[mysql-connector-j-8.0.33.jar:8.0.33]
	at com.mysql.cj.jdbc.exceptions.SQLExceptionsMapping.translateException(SQLExceptionsMapping.java:122) ~[mysql-connector-j-8.0.33.jar:8.0.33]
	at com.mysql.cj.jdbc.ConnectionImpl.createNewIO(ConnectionImpl.java:825) ~[mysql-connector-j-8.0.33.jar:8.0.33]
	at com.mysql.cj.jdbc.ConnectionImpl.<init>(ConnectionImpl.java:446) ~[mysql-connector-j-8.0.33.jar:8.0.33]
	at com.mysql.cj.jdbc.ConnectionImpl.getInstance(ConnectionImpl.java:239) ~[mysql-connector-j-8.0.33.jar:8.0.33]
	at com.mysql.cj.jdbc.NonRegisteringDriver.connect(NonRegisteringDriver.java:188) ~[mysql-connector-j-8.0.33.jar:8.0.33]
	at com.alibaba.druid.filter.FilterChainImpl.connection_connect(FilterChainImpl.java:118) ~[druid-1.2.18.jar:na]
	at com.alibaba.druid.filter.FilterAdapter.connection_connect(FilterAdapter.java:764) ~[druid-1.2.18.jar:na]
	at com.alibaba.druid.filter.FilterChainImpl.connection_connect(FilterChainImpl.java:112) ~[druid-1.2.18.jar:na]
	at com.alibaba.druid.filter.stat.StatFilter.connection_connect(StatFilter.java:232) ~[druid-1.2.18.jar:na]
	at com.alibaba.druid.filter.FilterChainImpl.connection_connect(FilterChainImpl.java:112) ~[druid-1.2.18.jar:na]
	at com.alibaba.druid.pool.DruidAbstractDataSource.createPhysicalConnection(DruidAbstractDataSource.java:1694) ~[druid-1.2.18.jar:na]
	at com.alibaba.druid.pool.DruidAbstractDataSource.createPhysicalConnection(DruidAbstractDataSource.java:1789) ~[druid-1.2.18.jar:na]
	at com.alibaba.druid.pool.DruidDataSource.init(DruidDataSource.java:939) ~[druid-1.2.18.jar:na]
	at com.alibaba.druid.pool.DruidDataSource.getConnection(DruidDataSource.java:1463) ~[druid-1.2.18.jar:na]
	at com.alibaba.druid.pool.DruidDataSource.getConnection(DruidDataSource.java:1459) ~[druid-1.2.18.jar:na]
	at com.alibaba.druid.pool.DruidDataSource.getConnection(DruidDataSource.java:83) ~[druid-1.2.18.jar:na]
	at org.springframework.boot.jdbc.EmbeddedDatabaseConnection.isEmbedded(EmbeddedDatabaseConnection.java:166) ~[spring-boot-3.5.3.jar:3.5.3]
	at org.springframework.boot.autoconfigure.orm.jpa.HibernateDefaultDdlAutoProvider.getDefaultDdlAuto(HibernateDefaultDdlAutoProvider.java:42) ~[spring-boot-autoconfigure-3.5.3.jar:3.5.3]
	at org.springframework.boot.autoconfigure.orm.jpa.HibernateJpaConfiguration.lambda$getVendorProperties$1(HibernateJpaConfiguration.java:149) ~[spring-boot-autoconfigure-3.5.3.jar:3.5.3]
	at org.springframework.boot.autoconfigure.orm.jpa.HibernateSettings.getDdlAuto(HibernateSettings.java:41) ~[spring-boot-autoconfigure-3.5.3.jar:3.5.3]
	at org.springframework.boot.autoconfigure.orm.jpa.HibernateProperties.determineDdlAuto(HibernateProperties.java:120) ~[spring-boot-autoconfigure-3.5.3.jar:3.5.3]
	at org.springframework.boot.autoconfigure.orm.jpa.HibernateProperties.getAdditionalProperties(HibernateProperties.java:89) ~[spring-boot-autoconfigure-3.5.3.jar:3.5.3]
	at org.springframework.boot.autoconfigure.orm.jpa.HibernateProperties.determineHibernateProperties(HibernateProperties.java:82) ~[spring-boot-autoconfigure-3.5.3.jar:3.5.3]
	at org.springframework.boot.autoconfigure.orm.jpa.HibernateJpaConfiguration.getVendorProperties(HibernateJpaConfiguration.java:150) ~[spring-boot-autoconfigure-3.5.3.jar:3.5.3]
	at org.springframework.boot.autoconfigure.orm.jpa.JpaBaseConfiguration.buildJpaProperties(JpaBaseConfiguration.java:131) ~[spring-boot-autoconfigure-3.5.3.jar:3.5.3]
	at org.springframework.boot.orm.jpa.EntityManagerFactoryBuilder$Builder.build(EntityManagerFactoryBuilder.java:304) ~[spring-boot-3.5.3.jar:3.5.3]
	at org.springframework.boot.autoconfigure.orm.jpa.JpaBaseConfiguration.entityManagerFactory(JpaBaseConfiguration.java:146) ~[spring-boot-autoconfigure-3.5.3.jar:3.5.3]
	at java.base/jdk.internal.reflect.DirectMethodHandleAccessor.invoke(DirectMethodHandleAccessor.java:103) ~[na:na]
	at java.base/java.lang.reflect.Method.invoke(Method.java:580) ~[na:na]
	at org.springframework.beans.factory.support.SimpleInstantiationStrategy.lambda$instantiate$0(SimpleInstantiationStrategy.java:171) ~[spring-beans-6.2.8.jar:6.2.8]
	at org.springframework.beans.factory.support.SimpleInstantiationStrategy.instantiateWithFactoryMethod(SimpleInstantiationStrategy.java:88) ~[spring-beans-6.2.8.jar:6.2.8]
	at org.springframework.beans.factory.support.SimpleInstantiationStrategy.instantiate(SimpleInstantiationStrategy.java:168) ~[spring-beans-6.2.8.jar:6.2.8]
	at org.springframework.beans.factory.support.ConstructorResolver.instantiate(ConstructorResolver.java:653) ~[spring-beans-6.2.8.jar:6.2.8]
	at org.springframework.beans.factory.support.ConstructorResolver.instantiateUsingFactoryMethod(ConstructorResolver.java:645) ~[spring-beans-6.2.8.jar:6.2.8]
	at org.springframework.beans.factory.support.AbstractAutowireCapableBeanFactory.instantiateUsingFactoryMethod(AbstractAutowireCapableBeanFactory.java:1375) ~[spring-beans-6.2.8.jar:6.2.8]
	at org.springframework.beans.factory.support.AbstractAutowireCapableBeanFactory.createBeanInstance(AbstractAutowireCapableBeanFactory.java:1205) ~[spring-beans-6.2.8.jar:6.2.8]
	at org.springframework.beans.factory.support.AbstractAutowireCapableBeanFactory.doCreateBean(AbstractAutowireCapableBeanFactory.java:569) ~[spring-beans-6.2.8.jar:6.2.8]
	at org.springframework.beans.factory.support.AbstractAutowireCapableBeanFactory.createBean(AbstractAutowireCapableBeanFactory.java:529) ~[spring-beans-6.2.8.jar:6.2.8]
	at org.springframework.beans.factory.support.AbstractBeanFactory.lambda$doGetBean$0(AbstractBeanFactory.java:339) ~[spring-beans-6.2.8.jar:6.2.8]
	at org.springframework.beans.factory.support.DefaultSingletonBeanRegistry.getSingleton(DefaultSingletonBeanRegistry.java:373) ~[spring-beans-6.2.8.jar:6.2.8]
	at org.springframework.beans.factory.support.AbstractBeanFactory.doGetBean(AbstractBeanFactory.java:337) ~[spring-beans-6.2.8.jar:6.2.8]
	at org.springframework.beans.factory.support.AbstractBeanFactory.getBean(AbstractBeanFactory.java:207) ~[spring-beans-6.2.8.jar:6.2.8]
	at org.springframework.context.support.AbstractApplicationContext.finishBeanFactoryInitialization(AbstractApplicationContext.java:970) ~[spring-context-6.2.8.jar:6.2.8]
	at org.springframework.context.support.AbstractApplicationContext.refresh(AbstractApplicationContext.java:627) ~[spring-context-6.2.8.jar:6.2.8]
	at org.springframework.boot.web.servlet.context.ServletWebServerApplicationContext.refresh(ServletWebServerApplicationContext.java:146) ~[spring-boot-3.5.3.jar:3.5.3]
	at org.springframework.boot.SpringApplication.refresh(SpringApplication.java:752) ~[spring-boot-3.5.3.jar:3.5.3]
	at org.springframework.boot.SpringApplication.refreshContext(SpringApplication.java:439) ~[spring-boot-3.5.3.jar:3.5.3]
	at org.springframework.boot.SpringApplication.run(SpringApplication.java:318) ~[spring-boot-3.5.3.jar:3.5.3]
	at org.springframework.boot.SpringApplication.run(SpringApplication.java:1361) ~[spring-boot-3.5.3.jar:3.5.3]
	at org.springframework.boot.SpringApplication.run(SpringApplication.java:1350) ~[spring-boot-3.5.3.jar:3.5.3]
	at com.gzu.divination.DivinationApplication.main(DivinationApplication.java:12) ~[classes/:na]

2025-10-16T14:40:16.864+08:00 ERROR 18568 --- [main] com.alibaba.druid.pool.DruidDataSource   : {dataSource-1} init error

java.sql.SQLException: Access denied for user '肖泽生'@'localhost' (using password: NO)
	at com.mysql.cj.jdbc.exceptions.SQLError.createSQLException(SQLError.java:130) ~[mysql-connector-j-8.0.33.jar:8.0.33]
	at com.mysql.cj.jdbc.exceptions.SQLExceptionsMapping.translateException(SQLExceptionsMapping.java:122) ~[mysql-connector-j-8.0.33.jar:8.0.33]
	at com.mysql.cj.jdbc.ConnectionImpl.createNewIO(ConnectionImpl.java:825) ~[mysql-connector-j-8.0.33.jar:8.0.33]
	at com.mysql.cj.jdbc.ConnectionImpl.<init>(ConnectionImpl.java:446) ~[mysql-connector-j-8.0.33.jar:8.0.33]
	at com.mysql.cj.jdbc.ConnectionImpl.getInstance(ConnectionImpl.java:239) ~[mysql-connector-j-8.0.33.jar:8.0.33]
	at com.mysql.cj.jdbc.NonRegisteringDriver.connect(NonRegisteringDriver.java:188) ~[mysql-connector-j-8.0.33.jar:8.0.33]
	at com.alibaba.druid.filter.FilterChainImpl.connection_connect(FilterChainImpl.java:118) ~[druid-1.2.18.jar:na]
	at com.alibaba.druid.filter.FilterAdapter.connection_connect(FilterAdapter.java:764) ~[druid-1.2.18.jar:na]
	at com.alibaba.druid.filter.FilterChainImpl.connection_connect(FilterChainImpl.java:112) ~[druid-1.2.18.jar:na]
	at com.alibaba.druid.filter.stat.StatFilter.connection_connect(StatFilter.java:232) ~[druid-1.2.18.jar:na]
	at com.alibaba.druid.filter.FilterChainImpl.connection_connect(FilterChainImpl.java:112) ~[druid-1.2.18.jar:na]
	at com.alibaba.druid.pool.DruidAbstractDataSource.createPhysicalConnection(DruidAbstractDataSource.java:1694) ~[druid-1.2.18.jar:na]
	at com.alibaba.druid.pool.DruidAbstractDataSource.createPhysicalConnection(DruidAbstractDataSource.java:1789) ~[druid-1.2.18.jar:na]
	at com.alibaba.druid.pool.DruidDataSource.init(DruidDataSource.java:939) ~[druid-1.2.18.jar:na]
	at com.alibaba.druid.pool.DruidDataSource.getConnection(DruidDataSource.java:1463) ~[druid-1.2.18.jar:na]
	at com.alibaba.druid.pool.DruidDataSource.getConnection(DruidDataSource.java:1459) ~[druid-1.2.18.jar:na]
	at com.alibaba.druid.pool.DruidDataSource.getConnection(DruidDataSource.java:83) ~[druid-1.2.18.jar:na]
	at org.springframework.boot.jdbc.EmbeddedDatabaseConnection.isEmbedded(EmbeddedDatabaseConnection.java:166) ~[spring-boot-3.5.3.jar:3.5.3]
	at org.springframework.boot.autoconfigure.orm.jpa.HibernateDefaultDdlAutoProvider.getDefaultDdlAuto(HibernateDefaultDdlAutoProvider.java:42) ~[spring-boot-autoconfigure-3.5.3.jar:3.5.3]
	at org.springframework.boot.autoconfigure.orm.jpa.HibernateJpaConfiguration.lambda$getVendorProperties$1(HibernateJpaConfiguration.java:149) ~[spring-boot-autoconfigure-3.5.3.jar:3.5.3]
	at org.springframework.boot.autoconfigure.orm.jpa.HibernateSettings.getDdlAuto(HibernateSettings.java:41) ~[spring-boot-autoconfigure-3.5.3.jar:3.5.3]
	at org.springframework.boot.autoconfigure.orm.jpa.HibernateProperties.determineDdlAuto(HibernateProperties.java:120) ~[spring-boot-autoconfigure-3.5.3.jar:3.5.3]
	at org.springframework.boot.autoconfigure.orm.jpa.HibernateProperties.getAdditionalProperties(HibernateProperties.java:89) ~[spring-boot-autoconfigure-3.5.3.jar:3.5.3]
	at org.springframework.boot.autoconfigure.orm.jpa.HibernateProperties.determineHibernateProperties(HibernateProperties.java:82) ~[spring-boot-autoconfigure-3.5.3.jar:3.5.3]
	at org.springframework.boot.autoconfigure.orm.jpa.HibernateJpaConfiguration.getVendorProperties(HibernateJpaConfiguration.java:150) ~[spring-boot-autoconfigure-3.5.3.jar:3.5.3]
	at org.springframework.boot.autoconfigure.orm.jpa.JpaBaseConfiguration.buildJpaProperties(JpaBaseConfiguration.java:131) ~[spring-boot-autoconfigure-3.5.3.jar:3.5.3]
	at org.springframework.boot.orm.jpa.EntityManagerFactoryBuilder$Builder.build(EntityManagerFactoryBuilder.java:304) ~[spring-boot-3.5.3.jar:3.5.3]
	at org.springframework.boot.autoconfigure.orm.jpa.JpaBaseConfiguration.entityManagerFactory(JpaBaseConfiguration.java:146) ~[spring-boot-autoconfigure-3.5.3.jar:3.5.3]
	at java.base/jdk.internal.reflect.DirectMethodHandleAccessor.invoke(DirectMethodHandleAccessor.java:103) ~[na:na]
	at java.base/java.lang.reflect.Method.invoke(Method.java:580) ~[na:na]
	at org.springframework.beans.factory.support.SimpleInstantiationStrategy.lambda$instantiate$0(SimpleInstantiationStrategy.java:171) ~[spring-beans-6.2.8.jar:6.2.8]
	at org.springframework.beans.factory.support.SimpleInstantiationStrategy.instantiateWithFactoryMethod(SimpleInstantiationStrategy.java:88) ~[spring-beans-6.2.8.jar:6.2.8]
	at org.springframework.beans.factory.support.SimpleInstantiationStrategy.instantiate(SimpleInstantiationStrategy.java:168) ~[spring-beans-6.2.8.jar:6.2.8]
	at org.springframework.beans.factory.support.ConstructorResolver.instantiate(ConstructorResolver.java:653) ~[spring-beans-6.2.8.jar:6.2.8]
	at org.springframework.beans.factory.support.ConstructorResolver.instantiateUsingFactoryMethod(ConstructorResolver.java:645) ~[spring-beans-6.2.8.jar:6.2.8]
	at org.springframework.beans.factory.support.AbstractAutowireCapableBeanFactory.instantiateUsingFactoryMethod(AbstractAutowireCapableBeanFactory.java:1375) ~[spring-beans-6.2.8.jar:6.2.8]
	at org.springframework.beans.factory.support.AbstractAutowireCapableBeanFactory.createBeanInstance(AbstractAutowireCapableBeanFactory.java:1205) ~[spring-beans-6.2.8.jar:6.2.8]
	at org.springframework.beans.factory.support.AbstractAutowireCapableBeanFactory.doCreateBean(AbstractAutowireCapableBeanFactory.java:569) ~[spring-beans-6.2.8.jar:6.2.8]
	at org.springframework.beans.factory.support.AbstractAutowireCapableBeanFactory.createBean(AbstractAutowireCapableBeanFactory.java:529) ~[spring-beans-6.2.8.jar:6.2.8]
	at org.springframework.beans.factory.support.AbstractBeanFactory.lambda$doGetBean$0(AbstractBeanFactory.java:339) ~[spring-beans-6.2.8.jar:6.2.8]
	at org.springframework.beans.factory.support.DefaultSingletonBeanRegistry.getSingleton(DefaultSingletonBeanRegistry.java:373) ~[spring-beans-6.2.8.jar:6.2.8]
	at org.springframework.beans.factory.support.AbstractBeanFactory.doGetBean(AbstractBeanFactory.java:337) ~[spring-beans-6.2.8.jar:6.2.8]
	at org.springframework.beans.factory.support.AbstractBeanFactory.getBean(AbstractBeanFactory.java:207) ~[spring-beans-6.2.8.jar:6.2.8]
	at org.springframework.context.support.AbstractApplicationContext.finishBeanFactoryInitialization(AbstractApplicationContext.java:970) ~[spring-context-6.2.8.jar:6.2.8]
	at org.springframework.context.support.AbstractApplicationContext.refresh(AbstractApplicationContext.java:627) ~[spring-context-6.2.8.jar:6.2.8]
	at org.springframework.boot.web.servlet.context.ServletWebServerApplicationContext.refresh(ServletWebServerApplicationContext.java:146) ~[spring-boot-3.5.3.jar:3.5.3]
	at org.springframework.boot.SpringApplication.refresh(SpringApplication.java:752) ~[spring-boot-3.5.3.jar:3.5.3]
	at org.springframework.boot.SpringApplication.refreshContext(SpringApplication.java:439) ~[spring-boot-3.5.3.jar:3.5.3]
	at org.springframework.boot.SpringApplication.run(SpringApplication.java:318) ~[spring-boot-3.5.3.jar:3.5.3]
	at org.springframework.boot.SpringApplication.run(SpringApplication.java:1361) ~[spring-boot-3.5.3.jar:3.5.3]
	at org.springframework.boot.SpringApplication.run(SpringApplication.java:1350) ~[spring-boot-3.5.3.jar:3.5.3]
	at com.gzu.divination.DivinationApplication.main(DivinationApplication.java:12) ~[classes/:na]

2025-10-16T14:40:16.865+08:00  INFO 18568 --- [main] com.alibaba.druid.pool.DruidDataSource   : {dataSource-1} inited
2025-10-16T14:40:16.875+08:00 ERROR 18568 --- [Druid-ConnectionPool-Create-1348045338] com.alibaba.druid.pool.DruidDataSource   : create connection SQLException, url: jdbc:mysql://localhost:3306/logistics?serverTimezone=Asia/Shanghai&characterEncoding=UTF-8, errorCode 1045, state 28000

java.sql.SQLException: Access denied for user '肖泽生'@'localhost' (using password: NO)
	at com.mysql.cj.jdbc.exceptions.SQLError.createSQLException(SQLError.java:130) ~[mysql-connector-j-8.0.33.jar:8.0.33]
	at com.mysql.cj.jdbc.exceptions.SQLExceptionsMapping.translateException(SQLExceptionsMapping.java:122) ~[mysql-connector-j-8.0.33.jar:8.0.33]
	at com.mysql.cj.jdbc.ConnectionImpl.createNewIO(ConnectionImpl.java:825) ~[mysql-connector-j-8.0.33.jar:8.0.33]
	at com.mysql.cj.jdbc.ConnectionImpl.<init>(ConnectionImpl.java:446) ~[mysql-connector-j-8.0.33.jar:8.0.33]
	at com.mysql.cj.jdbc.ConnectionImpl.getInstance(ConnectionImpl.java:239) ~[mysql-connector-j-8.0.33.jar:8.0.33]
	at com.mysql.cj.jdbc.NonRegisteringDriver.connect(NonRegisteringDriver.java:188) ~[mysql-connector-j-8.0.33.jar:8.0.33]
	at com.alibaba.druid.filter.FilterChainImpl.connection_connect(FilterChainImpl.java:118) ~[druid-1.2.18.jar:na]
	at com.alibaba.druid.filter.FilterAdapter.connection_connect(FilterAdapter.java:764) ~[druid-1.2.18.jar:na]
	at com.alibaba.druid.filter.FilterChainImpl.connection_connect(FilterChainImpl.java:112) ~[druid-1.2.18.jar:na]
	at com.alibaba.druid.filter.stat.StatFilter.connection_connect(StatFilter.java:232) ~[druid-1.2.18.jar:na]
	at com.alibaba.druid.filter.FilterChainImpl.connection_connect(FilterChainImpl.java:112) ~[druid-1.2.18.jar:na]
	at com.alibaba.druid.pool.DruidAbstractDataSource.createPhysicalConnection(DruidAbstractDataSource.java:1694) ~[druid-1.2.18.jar:na]
	at com.alibaba.druid.pool.DruidAbstractDataSource.createPhysicalConnection(DruidAbstractDataSource.java:1789) ~[druid-1.2.18.jar:na]
	at com.alibaba.druid.pool.DruidDataSource$CreateConnectionThread.run(DruidDataSource.java:2942) ~[druid-1.2.18.jar:na]

2025-10-16T14:40:16.886+08:00 ERROR 18568 --- [Druid-ConnectionPool-Create-1348045338] com.alibaba.druid.pool.DruidDataSource   : create connection SQLException, url: jdbc:mysql://localhost:3306/logistics?serverTimezone=Asia/Shanghai&characterEncoding=UTF-8, errorCode 1045, state 28000

java.sql.SQLException: Access denied for user '肖泽生'@'localhost' (using password: NO)
	at com.mysql.cj.jdbc.exceptions.SQLError.createSQLException(SQLError.java:130) ~[mysql-connector-j-8.0.33.jar:8.0.33]
	at com.mysql.cj.jdbc.exceptions.SQLExceptionsMapping.translateException(SQLExceptionsMapping.java:122) ~[mysql-connector-j-8.0.33.jar:8.0.33]
	at com.mysql.cj.jdbc.ConnectionImpl.createNewIO(ConnectionImpl.java:825) ~[mysql-connector-j-8.0.33.jar:8.0.33]
	at com.mysql.cj.jdbc.ConnectionImpl.<init>(ConnectionImpl.java:446) ~[mysql-connector-j-8.0.33.jar:8.0.33]
	at com.mysql.cj.jdbc.ConnectionImpl.getInstance(ConnectionImpl.java:239) ~[mysql-connector-j-8.0.33.jar:8.0.33]
	at com.mysql.cj.jdbc.NonRegisteringDriver.connect(NonRegisteringDriver.java:188) ~[mysql-connector-j-8.0.33.jar:8.0.33]
	at com.alibaba.druid.filter.FilterChainImpl.connection_connect(FilterChainImpl.java:118) ~[druid-1.2.18.jar:na]
	at com.alibaba.druid.filter.FilterAdapter.connection_connect(FilterAdapter.java:764) ~[druid-1.2.18.jar:na]
	at com.alibaba.druid.filter.FilterChainImpl.connection_connect(FilterChainImpl.java:112) ~[druid-1.2.18.jar:na]
	at com.alibaba.druid.filter.stat.StatFilter.connection_connect(StatFilter.java:232) ~[druid-1.2.18.jar:na]
	at com.alibaba.druid.filter.FilterChainImpl.connection_connect(FilterChainImpl.java:112) ~[druid-1.2.18.jar:na]
	at com.alibaba.druid.pool.DruidAbstractDataSource.createPhysicalConnection(DruidAbstractDataSource.java:1694) ~[druid-1.2.18.jar:na]
	at com.alibaba.druid.pool.DruidAbstractDataSource.createPhysicalConnection(DruidAbstractDataSource.java:1789) ~[druid-1.2.18.jar:na]
	at com.alibaba.druid.pool.DruidDataSource$CreateConnectionThread.run(DruidDataSource.java:2942) ~[druid-1.2.18.jar:na]

2025-10-16T14:40:16.887+08:00  INFO 18568 --- [Druid-ConnectionPool-Create-1348045338] c.a.druid.pool.DruidAbstractDataSource   : {dataSource-1} failContinuous is true
2025-10-16T14:40:16.895+08:00  INFO 18568 --- [main] o.hibernate.jpa.internal.util.LogHelper  : HHH000204: Processing PersistenceUnitInfo [name: default]
2025-10-16T14:40:16.946+08:00  INFO 18568 --- [main] org.hibernate.Version                    : HHH000412: Hibernate ORM core version 6.6.18.Final
2025-10-16T14:40:16.975+08:00  INFO 18568 --- [main] o.h.c.internal.RegionFactoryInitiator    : HHH000026: Second-level cache disabled
2025-10-16T14:40:17.244+08:00  INFO 18568 --- [main] o.s.o.j.p.SpringPersistenceUnitInfo      : No LoadTimeWeaver setup: ignoring JPA class transformer
2025-10-16T14:40:17.447+08:00 ERROR 18568 --- [Druid-ConnectionPool-Create-1348045338] com.alibaba.druid.pool.DruidDataSource   : create connection SQLException, url: jdbc:mysql://localhost:3306/logistics?serverTimezone=Asia/Shanghai&characterEncoding=UTF-8, errorCode 1045, state 28000

java.sql.SQLException: Access denied for user '肖泽生'@'localhost' (using password: NO)
	at com.mysql.cj.jdbc.exceptions.SQLError.createSQLException(SQLError.java:130) ~[mysql-connector-j-8.0.33.jar:8.0.33]
	at com.mysql.cj.jdbc.exceptions.SQLExceptionsMapping.translateException(SQLExceptionsMapping.java:122) ~[mysql-connector-j-8.0.33.jar:8.0.33]
	at com.mysql.cj.jdbc.ConnectionImpl.createNewIO(ConnectionImpl.java:825) ~[mysql-connector-j-8.0.33.jar:8.0.33]
	at com.mysql.cj.jdbc.ConnectionImpl.<init>(ConnectionImpl.java:446) ~[mysql-connector-j-8.0.33.jar:8.0.33]
	at com.mysql.cj.jdbc.ConnectionImpl.getInstance(ConnectionImpl.java:239) ~[mysql-connector-j-8.0.33.jar:8.0.33]
	at com.mysql.cj.jdbc.NonRegisteringDriver.connect(NonRegisteringDriver.java:188) ~[mysql-connector-j-8.0.33.jar:8.0.33]
	at com.alibaba.druid.filter.FilterChainImpl.connection_connect(FilterChainImpl.java:118) ~[druid-1.2.18.jar:na]
	at com.alibaba.druid.filter.FilterAdapter.connection_connect(FilterAdapter.java:764) ~[druid-1.2.18.jar:na]
	at com.alibaba.druid.filter.FilterChainImpl.connection_connect(FilterChainImpl.java:112) ~[druid-1.2.18.jar:na]
	at com.alibaba.druid.filter.stat.StatFilter.connection_connect(StatFilter.java:232) ~[druid-1.2.18.jar:na]
	at com.alibaba.druid.filter.FilterChainImpl.connection_connect(FilterChainImpl.java:112) ~[druid-1.2.18.jar:na]
	at com.alibaba.druid.pool.DruidAbstractDataSource.createPhysicalConnection(DruidAbstractDataSource.java:1694) ~[druid-1.2.18.jar:na]
	at com.alibaba.druid.pool.DruidAbstractDataSource.createPhysicalConnection(DruidAbstractDataSource.java:1789) ~[druid-1.2.18.jar:na]
	at com.alibaba.druid.pool.DruidDataSource$CreateConnectionThread.run(DruidDataSource.java:2942) ~[druid-1.2.18.jar:na]

2025-10-16T14:40:17.965+08:00 ERROR 18568 --- [Druid-ConnectionPool-Create-1348045338] com.alibaba.druid.pool.DruidDataSource   : create connection SQLException, url: jdbc:mysql://localhost:3306/logistics?serverTimezone=Asia/Shanghai&characterEncoding=UTF-8, errorCode 1045, state 28000

java.sql.SQLException: Access denied for user '肖泽生'@'localhost' (using password: NO)
	at com.mysql.cj.jdbc.exceptions.SQLError.createSQLException(SQLError.java:130) ~[mysql-connector-j-8.0.33.jar:8.0.33]
	at com.mysql.cj.jdbc.exceptions.SQLExceptionsMapping.translateException(SQLExceptionsMapping.java:122) ~[mysql-connector-j-8.0.33.jar:8.0.33]
	at com.mysql.cj.jdbc.ConnectionImpl.createNewIO(ConnectionImpl.java:825) ~[mysql-connector-j-8.0.33.jar:8.0.33]
	at com.mysql.cj.jdbc.ConnectionImpl.<init>(ConnectionImpl.java:446) ~[mysql-connector-j-8.0.33.jar:8.0.33]
	at com.mysql.cj.jdbc.ConnectionImpl.getInstance(ConnectionImpl.java:239) ~[mysql-connector-j-8.0.33.jar:8.0.33]
	at com.mysql.cj.jdbc.NonRegisteringDriver.connect(NonRegisteringDriver.java:188) ~[mysql-connector-j-8.0.33.jar:8.0.33]
	at com.alibaba.druid.filter.FilterChainImpl.connection_connect(FilterChainImpl.java:118) ~[druid-1.2.18.jar:na]
	at com.alibaba.druid.filter.FilterAdapter.connection_connect(FilterAdapter.java:764) ~[druid-1.2.18.jar:na]
	at com.alibaba.druid.filter.FilterChainImpl.connection_connect(FilterChainImpl.java:112) ~[druid-1.2.18.jar:na]
	at com.alibaba.druid.filter.stat.StatFilter.connection_connect(StatFilter.java:232) ~[druid-1.2.18.jar:na]
	at com.alibaba.druid.filter.FilterChainImpl.connection_connect(FilterChainImpl.java:112) ~[druid-1.2.18.jar:na]
	at com.alibaba.druid.pool.DruidAbstractDataSource.createPhysicalConnection(DruidAbstractDataSource.java:1694) ~[druid-1.2.18.jar:na]
	at com.alibaba.druid.pool.DruidAbstractDataSource.createPhysicalConnection(DruidAbstractDataSource.java:1789) ~[druid-1.2.18.jar:na]
	at com.alibaba.druid.pool.DruidDataSource$CreateConnectionThread.run(DruidDataSource.java:2942) ~[druid-1.2.18.jar:na]

2025-10-16T14:40:18.483+08:00 ERROR 18568 --- [Druid-ConnectionPool-Create-1348045338] com.alibaba.druid.pool.DruidDataSource   : create connection SQLException, url: jdbc:mysql://localhost:3306/logistics?serverTimezone=Asia/Shanghai&characterEncoding=UTF-8, errorCode 1045, state 28000

java.sql.SQLException: Access denied for user '肖泽生'@'localhost' (using password: NO)
	at com.mysql.cj.jdbc.exceptions.SQLError.createSQLException(SQLError.java:130) ~[mysql-connector-j-8.0.33.jar:8.0.33]
	at com.mysql.cj.jdbc.exceptions.SQLExceptionsMapping.translateException(SQLExceptionsMapping.java:122) ~[mysql-connector-j-8.0.33.jar:8.0.33]
	at com.mysql.cj.jdbc.ConnectionImpl.createNewIO(ConnectionImpl.java:825) ~[mysql-connector-j-8.0.33.jar:8.0.33]
	at com.mysql.cj.jdbc.ConnectionImpl.<init>(ConnectionImpl.java:446) ~[mysql-connector-j-8.0.33.jar:8.0.33]
	at com.mysql.cj.jdbc.ConnectionImpl.getInstance(ConnectionImpl.java:239) ~[mysql-connector-j-8.0.33.jar:8.0.33]
	at com.mysql.cj.jdbc.NonRegisteringDriver.connect(NonRegisteringDriver.java:188) ~[mysql-connector-j-8.0.33.jar:8.0.33]
	at com.alibaba.druid.filter.FilterChainImpl.connection_connect(FilterChainImpl.java:118) ~[druid-1.2.18.jar:na]
	at com.alibaba.druid.filter.FilterAdapter.connection_connect(FilterAdapter.java:764) ~[druid-1.2.18.jar:na]
	at com.alibaba.druid.filter.FilterChainImpl.connection_connect(FilterChainImpl.java:112) ~[druid-1.2.18.jar:na]
	at com.alibaba.druid.filter.stat.StatFilter.connection_connect(StatFilter.java:232) ~[druid-1.2.18.jar:na]
	at com.alibaba.druid.filter.FilterChainImpl.connection_connect(FilterChainImpl.java:112) ~[druid-1.2.18.jar:na]
	at com.alibaba.druid.pool.DruidAbstractDataSource.createPhysicalConnection(DruidAbstractDataSource.java:1694) ~[druid-1.2.18.jar:na]
	at com.alibaba.druid.pool.DruidAbstractDataSource.createPhysicalConnection(DruidAbstractDataSource.java:1789) ~[druid-1.2.18.jar:na]
	at com.alibaba.druid.pool.DruidDataSource$CreateConnectionThread.run(DruidDataSource.java:2942) ~[druid-1.2.18.jar:na]

2025-10-16T14:40:19.020+08:00 ERROR 18568 --- [Druid-ConnectionPool-Create-1348045338] com.alibaba.druid.pool.DruidDataSource   : create connection SQLException, url: jdbc:mysql://localhost:3306/logistics?serverTimezone=Asia/Shanghai&characterEncoding=UTF-8, errorCode 1045, state 28000

java.sql.SQLException: Access denied for user '肖泽生'@'localhost' (using password: NO)
	at com.mysql.cj.jdbc.exceptions.SQLError.createSQLException(SQLError.java:130) ~[mysql-connector-j-8.0.33.jar:8.0.33]
	at com.mysql.cj.jdbc.exceptions.SQLExceptionsMapping.translateException(SQLExceptionsMapping.java:122) ~[mysql-connector-j-8.0.33.jar:8.0.33]
	at com.mysql.cj.jdbc.ConnectionImpl.createNewIO(ConnectionImpl.java:825) ~[mysql-connector-j-8.0.33.jar:8.0.33]
	at com.mysql.cj.jdbc.ConnectionImpl.<init>(ConnectionImpl.java:446) ~[mysql-connector-j-8.0.33.jar:8.0.33]
	at com.mysql.cj.jdbc.ConnectionImpl.getInstance(ConnectionImpl.java:239) ~[mysql-connector-j-8.0.33.jar:8.0.33]
	at com.mysql.cj.jdbc.NonRegisteringDriver.connect(NonRegisteringDriver.java:188) ~[mysql-connector-j-8.0.33.jar:8.0.33]
	at com.alibaba.druid.filter.FilterChainImpl.connection_connect(FilterChainImpl.java:118) ~[druid-1.2.18.jar:na]
	at com.alibaba.druid.filter.FilterAdapter.connection_connect(FilterAdapter.java:764) ~[druid-1.2.18.jar:na]
	at com.alibaba.druid.filter.FilterChainImpl.connection_connect(FilterChainImpl.java:112) ~[druid-1.2.18.jar:na]
	at com.alibaba.druid.filter.stat.StatFilter.connection_connect(StatFilter.java:232) ~[druid-1.2.18.jar:na]
	at com.alibaba.druid.filter.FilterChainImpl.connection_connect(FilterChainImpl.java:112) ~[druid-1.2.18.jar:na]
	at com.alibaba.druid.pool.DruidAbstractDataSource.createPhysicalConnection(DruidAbstractDataSource.java:1694) ~[druid-1.2.18.jar:na]
	at com.alibaba.druid.pool.DruidAbstractDataSource.createPhysicalConnection(DruidAbstractDataSource.java:1789) ~[druid-1.2.18.jar:na]
	at com.alibaba.druid.pool.DruidDataSource$CreateConnectionThread.run(DruidDataSource.java:2942) ~[druid-1.2.18.jar:na]

2025-10-16T14:40:19.553+08:00 ERROR 18568 --- [Druid-ConnectionPool-Create-1348045338] com.alibaba.druid.pool.DruidDataSource   : create connection SQLException, url: jdbc:mysql://localhost:3306/logistics?serverTimezone=Asia/Shanghai&characterEncoding=UTF-8, errorCode 1045, state 28000

java.sql.SQLException: Access denied for user '肖泽生'@'localhost' (using password: NO)
	at com.mysql.cj.jdbc.exceptions.SQLError.createSQLException(SQLError.java:130) ~[mysql-connector-j-8.0.33.jar:8.0.33]
	at com.mysql.cj.jdbc.exceptions.SQLExceptionsMapping.translateException(SQLExceptionsMapping.java:122) ~[mysql-connector-j-8.0.33.jar:8.0.33]
	at com.mysql.cj.jdbc.ConnectionImpl.createNewIO(ConnectionImpl.java:825) ~[mysql-connector-j-8.0.33.jar:8.0.33]
	at com.mysql.cj.jdbc.ConnectionImpl.<init>(ConnectionImpl.java:446) ~[mysql-connector-j-8.0.33.jar:8.0.33]
	at com.mysql.cj.jdbc.ConnectionImpl.getInstance(ConnectionImpl.java:239) ~[mysql-connector-j-8.0.33.jar:8.0.33]
	at com.mysql.cj.jdbc.NonRegisteringDriver.connect(NonRegisteringDriver.java:188) ~[mysql-connector-j-8.0.33.jar:8.0.33]
	at com.alibaba.druid.filter.FilterChainImpl.connection_connect(FilterChainImpl.java:118) ~[druid-1.2.18.jar:na]
	at com.alibaba.druid.filter.FilterAdapter.connection_connect(FilterAdapter.java:764) ~[druid-1.2.18.jar:na]
	at com.alibaba.druid.filter.FilterChainImpl.connection_connect(FilterChainImpl.java:112) ~[druid-1.2.18.jar:na]
	at com.alibaba.druid.filter.stat.StatFilter.connection_connect(StatFilter.java:232) ~[druid-1.2.18.jar:na]
	at com.alibaba.druid.filter.FilterChainImpl.connection_connect(FilterChainImpl.java:112) ~[druid-1.2.18.jar:na]
	at com.alibaba.druid.pool.DruidAbstractDataSource.createPhysicalConnection(DruidAbstractDataSource.java:1694) ~[druid-1.2.18.jar:na]
	at com.alibaba.druid.pool.DruidAbstractDataSource.createPhysicalConnection(DruidAbstractDataSource.java:1789) ~[druid-1.2.18.jar:na]
	at com.alibaba.druid.pool.DruidDataSource$CreateConnectionThread.run(DruidDataSource.java:2942) ~[druid-1.2.18.jar:na]

2025-10-16T14:40:20.081+08:00 ERROR 18568 --- [Druid-ConnectionPool-Create-1348045338] com.alibaba.druid.pool.DruidDataSource   : create connection SQLException, url: jdbc:mysql://localhost:3306/logistics?serverTimezone=Asia/Shanghai&characterEncoding=UTF-8, errorCode 1045, state 28000

java.sql.SQLException: Access denied for user '肖泽生'@'localhost' (using password: NO)
	at com.mysql.cj.jdbc.exceptions.SQLError.createSQLException(SQLError.java:130) ~[mysql-connector-j-8.0.33.jar:8.0.33]
	at com.mysql.cj.jdbc.exceptions.SQLExceptionsMapping.translateException(SQLExceptionsMapping.java:122) ~[mysql-connector-j-8.0.33.jar:8.0.33]
	at com.mysql.cj.jdbc.ConnectionImpl.createNewIO(ConnectionImpl.java:825) ~[mysql-connector-j-8.0.33.jar:8.0.33]
	at com.mysql.cj.jdbc.ConnectionImpl.<init>(ConnectionImpl.java:446) ~[mysql-connector-j-8.0.33.jar:8.0.33]
	at com.mysql.cj.jdbc.ConnectionImpl.getInstance(ConnectionImpl.java:239) ~[mysql-connector-j-8.0.33.jar:8.0.33]
	at com.mysql.cj.jdbc.NonRegisteringDriver.connect(NonRegisteringDriver.java:188) ~[mysql-connector-j-8.0.33.jar:8.0.33]
	at com.alibaba.druid.filter.FilterChainImpl.connection_connect(FilterChainImpl.java:118) ~[druid-1.2.18.jar:na]
	at com.alibaba.druid.filter.FilterAdapter.connection_connect(FilterAdapter.java:764) ~[druid-1.2.18.jar:na]
	at com.alibaba.druid.filter.FilterChainImpl.connection_connect(FilterChainImpl.java:112) ~[druid-1.2.18.jar:na]
	at com.alibaba.druid.filter.stat.StatFilter.connection_connect(StatFilter.java:232) ~[druid-1.2.18.jar:na]
	at com.alibaba.druid.filter.FilterChainImpl.connection_connect(FilterChainImpl.java:112) ~[druid-1.2.18.jar:na]
	at com.alibaba.druid.pool.DruidAbstractDataSource.createPhysicalConnection(DruidAbstractDataSource.java:1694) ~[druid-1.2.18.jar:na]
	at com.alibaba.druid.pool.DruidAbstractDataSource.createPhysicalConnection(DruidAbstractDataSource.java:1789) ~[druid-1.2.18.jar:na]
	at com.alibaba.druid.pool.DruidDataSource$CreateConnectionThread.run(DruidDataSource.java:2942) ~[druid-1.2.18.jar:na]

2025-10-16T14:40:20.605+08:00 ERROR 18568 --- [Druid-ConnectionPool-Create-1348045338] com.alibaba.druid.pool.DruidDataSource   : create connection SQLException, url: jdbc:mysql://localhost:3306/logistics?serverTimezone=Asia/Shanghai&characterEncoding=UTF-8, errorCode 1045, state 28000

java.sql.SQLException: Access denied for user '肖泽生'@'localhost' (using password: NO)
	at com.mysql.cj.jdbc.exceptions.SQLError.createSQLException(SQLError.java:130) ~[mysql-connector-j-8.0.33.jar:8.0.33]
	at com.mysql.cj.jdbc.exceptions.SQLExceptionsMapping.translateException(SQLExceptionsMapping.java:122) ~[mysql-connector-j-8.0.33.jar:8.0.33]
	at com.mysql.cj.jdbc.ConnectionImpl.createNewIO(ConnectionImpl.java:825) ~[mysql-connector-j-8.0.33.jar:8.0.33]
	at com.mysql.cj.jdbc.ConnectionImpl.<init>(ConnectionImpl.java:446) ~[mysql-connector-j-8.0.33.jar:8.0.33]
	at com.mysql.cj.jdbc.ConnectionImpl.getInstance(ConnectionImpl.java:239) ~[mysql-connector-j-8.0.33.jar:8.0.33]
	at com.mysql.cj.jdbc.NonRegisteringDriver.connect(NonRegisteringDriver.java:188) ~[mysql-connector-j-8.0.33.jar:8.0.33]
	at com.alibaba.druid.filter.FilterChainImpl.connection_connect(FilterChainImpl.java:118) ~[druid-1.2.18.jar:na]
	at com.alibaba.druid.filter.FilterAdapter.connection_connect(FilterAdapter.java:764) ~[druid-1.2.18.jar:na]
	at com.alibaba.druid.filter.FilterChainImpl.connection_connect(FilterChainImpl.java:112) ~[druid-1.2.18.jar:na]
	at com.alibaba.druid.filter.stat.StatFilter.connection_connect(StatFilter.java:232) ~[druid-1.2.18.jar:na]
	at com.alibaba.druid.filter.FilterChainImpl.connection_connect(FilterChainImpl.java:112) ~[druid-1.2.18.jar:na]
	at com.alibaba.druid.pool.DruidAbstractDataSource.createPhysicalConnection(DruidAbstractDataSource.java:1694) ~[druid-1.2.18.jar:na]
	at com.alibaba.druid.pool.DruidAbstractDataSource.createPhysicalConnection(DruidAbstractDataSource.java:1789) ~[druid-1.2.18.jar:na]
	at com.alibaba.druid.pool.DruidDataSource$CreateConnectionThread.run(DruidDataSource.java:2942) ~[druid-1.2.18.jar:na]

2025-10-16T14:40:21.137+08:00 ERROR 18568 --- [Druid-ConnectionPool-Create-1348045338] com.alibaba.druid.pool.DruidDataSource   : create connection SQLException, url: jdbc:mysql://localhost:3306/logistics?serverTimezone=Asia/Shanghai&characterEncoding=UTF-8, errorCode 1045, state 28000

java.sql.SQLException: Access denied for user '肖泽生'@'localhost' (using password: NO)
	at com.mysql.cj.jdbc.exceptions.SQLError.createSQLException(SQLError.java:130) ~[mysql-connector-j-8.0.33.jar:8.0.33]
	at com.mysql.cj.jdbc.exceptions.SQLExceptionsMapping.translateException(SQLExceptionsMapping.java:122) ~[mysql-connector-j-8.0.33.jar:8.0.33]
	at com.mysql.cj.jdbc.ConnectionImpl.createNewIO(ConnectionImpl.java:825) ~[mysql-connector-j-8.0.33.jar:8.0.33]
	at com.mysql.cj.jdbc.ConnectionImpl.<init>(ConnectionImpl.java:446) ~[mysql-connector-j-8.0.33.jar:8.0.33]
	at com.mysql.cj.jdbc.ConnectionImpl.getInstance(ConnectionImpl.java:239) ~[mysql-connector-j-8.0.33.jar:8.0.33]
	at com.mysql.cj.jdbc.NonRegisteringDriver.connect(NonRegisteringDriver.java:188) ~[mysql-connector-j-8.0.33.jar:8.0.33]
	at com.alibaba.druid.filter.FilterChainImpl.connection_connect(FilterChainImpl.java:118) ~[druid-1.2.18.jar:na]
	at com.alibaba.druid.filter.FilterAdapter.connection_connect(FilterAdapter.java:764) ~[druid-1.2.18.jar:na]
	at com.alibaba.druid.filter.FilterChainImpl.connection_connect(FilterChainImpl.java:112) ~[druid-1.2.18.jar:na]
	at com.alibaba.druid.filter.stat.StatFilter.connection_connect(StatFilter.java:232) ~[druid-1.2.18.jar:na]
	at com.alibaba.druid.filter.FilterChainImpl.connection_connect(FilterChainImpl.java:112) ~[druid-1.2.18.jar:na]
	at com.alibaba.druid.pool.DruidAbstractDataSource.createPhysicalConnection(DruidAbstractDataSource.java:1694) ~[druid-1.2.18.jar:na]
	at com.alibaba.druid.pool.DruidAbstractDataSource.createPhysicalConnection(DruidAbstractDataSource.java:1789) ~[druid-1.2.18.jar:na]
	at com.alibaba.druid.pool.DruidDataSource$CreateConnectionThread.run(DruidDataSource.java:2942) ~[druid-1.2.18.jar:na]

2025-10-16T14:40:21.671+08:00 ERROR 18568 --- [Druid-ConnectionPool-Create-1348045338] com.alibaba.druid.pool.DruidDataSource   : create connection SQLException, url: jdbc:mysql://localhost:3306/logistics?serverTimezone=Asia/Shanghai&characterEncoding=UTF-8, errorCode 1045, state 28000

java.sql.SQLException: Access denied for user '肖泽生'@'localhost' (using password: NO)
	at com.mysql.cj.jdbc.exceptions.SQLError.createSQLException(SQLError.java:130) ~[mysql-connector-j-8.0.33.jar:8.0.33]
	at com.mysql.cj.jdbc.exceptions.SQLExceptionsMapping.translateException(SQLExceptionsMapping.java:122) ~[mysql-connector-j-8.0.33.jar:8.0.33]
	at com.mysql.cj.jdbc.ConnectionImpl.createNewIO(ConnectionImpl.java:825) ~[mysql-connector-j-8.0.33.jar:8.0.33]
	at com.mysql.cj.jdbc.ConnectionImpl.<init>(ConnectionImpl.java:446) ~[mysql-connector-j-8.0.33.jar:8.0.33]
	at com.mysql.cj.jdbc.ConnectionImpl.getInstance(ConnectionImpl.java:239) ~[mysql-connector-j-8.0.33.jar:8.0.33]
	at com.mysql.cj.jdbc.NonRegisteringDriver.connect(NonRegisteringDriver.java:188) ~[mysql-connector-j-8.0.33.jar:8.0.33]
	at com.alibaba.druid.filter.FilterChainImpl.connection_connect(FilterChainImpl.java:118) ~[druid-1.2.18.jar:na]
	at com.alibaba.druid.filter.FilterAdapter.connection_connect(FilterAdapter.java:764) ~[druid-1.2.18.jar:na]
	at com.alibaba.druid.filter.FilterChainImpl.connection_connect(FilterChainImpl.java:112) ~[druid-1.2.18.jar:na]
	at com.alibaba.druid.filter.stat.StatFilter.connection_connect(StatFilter.java:232) ~[druid-1.2.18.jar:na]
	at com.alibaba.druid.filter.FilterChainImpl.connection_connect(FilterChainImpl.java:112) ~[druid-1.2.18.jar:na]
	at com.alibaba.druid.pool.DruidAbstractDataSource.createPhysicalConnection(DruidAbstractDataSource.java:1694) ~[druid-1.2.18.jar:na]
	at com.alibaba.druid.pool.DruidAbstractDataSource.createPhysicalConnection(DruidAbstractDataSource.java:1789) ~[druid-1.2.18.jar:na]
	at com.alibaba.druid.pool.DruidDataSource$CreateConnectionThread.run(DruidDataSource.java:2942) ~[druid-1.2.18.jar:na]

2025-10-16T14:40:22.195+08:00 ERROR 18568 --- [Druid-ConnectionPool-Create-1348045338] com.alibaba.druid.pool.DruidDataSource   : create connection SQLException, url: jdbc:mysql://localhost:3306/logistics?serverTimezone=Asia/Shanghai&characterEncoding=UTF-8, errorCode 1045, state 28000

java.sql.SQLException: Access denied for user '肖泽生'@'localhost' (using password: NO)
	at com.mysql.cj.jdbc.exceptions.SQLError.createSQLException(SQLError.java:130) ~[mysql-connector-j-8.0.33.jar:8.0.33]
	at com.mysql.cj.jdbc.exceptions.SQLExceptionsMapping.translateException(SQLExceptionsMapping.java:122) ~[mysql-connector-j-8.0.33.jar:8.0.33]
	at com.mysql.cj.jdbc.ConnectionImpl.createNewIO(ConnectionImpl.java:825) ~[mysql-connector-j-8.0.33.jar:8.0.33]
	at com.mysql.cj.jdbc.ConnectionImpl.<init>(ConnectionImpl.java:446) ~[mysql-connector-j-8.0.33.jar:8.0.33]
	at com.mysql.cj.jdbc.ConnectionImpl.getInstance(ConnectionImpl.java:239) ~[mysql-connector-j-8.0.33.jar:8.0.33]
	at com.mysql.cj.jdbc.NonRegisteringDriver.connect(NonRegisteringDriver.java:188) ~[mysql-connector-j-8.0.33.jar:8.0.33]
	at com.alibaba.druid.filter.FilterChainImpl.connection_connect(FilterChainImpl.java:118) ~[druid-1.2.18.jar:na]
	at com.alibaba.druid.filter.FilterAdapter.connection_connect(FilterAdapter.java:764) ~[druid-1.2.18.jar:na]
	at com.alibaba.druid.filter.FilterChainImpl.connection_connect(FilterChainImpl.java:112) ~[druid-1.2.18.jar:na]
	at com.alibaba.druid.filter.stat.StatFilter.connection_connect(StatFilter.java:232) ~[druid-1.2.18.jar:na]
	at com.alibaba.druid.filter.FilterChainImpl.connection_connect(FilterChainImpl.java:112) ~[druid-1.2.18.jar:na]
	at com.alibaba.druid.pool.DruidAbstractDataSource.createPhysicalConnection(DruidAbstractDataSource.java:1694) ~[druid-1.2.18.jar:na]
	at com.alibaba.druid.pool.DruidAbstractDataSource.createPhysicalConnection(DruidAbstractDataSource.java:1789) ~[druid-1.2.18.jar:na]
	at com.alibaba.druid.pool.DruidDataSource$CreateConnectionThread.run(DruidDataSource.java:2942) ~[druid-1.2.18.jar:na]

2025-10-16T14:40:22.727+08:00 ERROR 18568 --- [Druid-ConnectionPool-Create-1348045338] com.alibaba.druid.pool.DruidDataSource   : create connection SQLException, url: jdbc:mysql://localhost:3306/logistics?serverTimezone=Asia/Shanghai&characterEncoding=UTF-8, errorCode 1045, state 28000

java.sql.SQLException: Access denied for user '肖泽生'@'localhost' (using password: NO)
	at com.mysql.cj.jdbc.exceptions.SQLError.createSQLException(SQLError.java:130) ~[mysql-connector-j-8.0.33.jar:8.0.33]
	at com.mysql.cj.jdbc.exceptions.SQLExceptionsMapping.translateException(SQLExceptionsMapping.java:122) ~[mysql-connector-j-8.0.33.jar:8.0.33]
	at com.mysql.cj.jdbc.ConnectionImpl.createNewIO(ConnectionImpl.java:825) ~[mysql-connector-j-8.0.33.jar:8.0.33]
	at com.mysql.cj.jdbc.ConnectionImpl.<init>(ConnectionImpl.java:446) ~[mysql-connector-j-8.0.33.jar:8.0.33]
	at com.mysql.cj.jdbc.ConnectionImpl.getInstance(ConnectionImpl.java:239) ~[mysql-connector-j-8.0.33.jar:8.0.33]
	at com.mysql.cj.jdbc.NonRegisteringDriver.connect(NonRegisteringDriver.java:188) ~[mysql-connector-j-8.0.33.jar:8.0.33]
	at com.alibaba.druid.filter.FilterChainImpl.connection_connect(FilterChainImpl.java:118) ~[druid-1.2.18.jar:na]
	at com.alibaba.druid.filter.FilterAdapter.connection_connect(FilterAdapter.java:764) ~[druid-1.2.18.jar:na]
	at com.alibaba.druid.filter.FilterChainImpl.connection_connect(FilterChainImpl.java:112) ~[druid-1.2.18.jar:na]
	at com.alibaba.druid.filter.stat.StatFilter.connection_connect(StatFilter.java:232) ~[druid-1.2.18.jar:na]
	at com.alibaba.druid.filter.FilterChainImpl.connection_connect(FilterChainImpl.java:112) ~[druid-1.2.18.jar:na]
	at com.alibaba.druid.pool.DruidAbstractDataSource.createPhysicalConnection(DruidAbstractDataSource.java:1694) ~[druid-1.2.18.jar:na]
	at com.alibaba.druid.pool.DruidAbstractDataSource.createPhysicalConnection(DruidAbstractDataSource.java:1789) ~[druid-1.2.18.jar:na]
	at com.alibaba.druid.pool.DruidDataSource$CreateConnectionThread.run(DruidDataSource.java:2942) ~[druid-1.2.18.jar:na]

2025-10-16T14:40:23.255+08:00 ERROR 18568 --- [Druid-ConnectionPool-Create-1348045338] com.alibaba.druid.pool.DruidDataSource   : create connection SQLException, url: jdbc:mysql://localhost:3306/logistics?serverTimezone=Asia/Shanghai&characterEncoding=UTF-8, errorCode 1045, state 28000

java.sql.SQLException: Access denied for user '肖泽生'@'localhost' (using password: NO)
	at com.mysql.cj.jdbc.exceptions.SQLError.createSQLException(SQLError.java:130) ~[mysql-connector-j-8.0.33.jar:8.0.33]
	at com.mysql.cj.jdbc.exceptions.SQLExceptionsMapping.translateException(SQLExceptionsMapping.java:122) ~[mysql-connector-j-8.0.33.jar:8.0.33]
	at com.mysql.cj.jdbc.ConnectionImpl.createNewIO(ConnectionImpl.java:825) ~[mysql-connector-j-8.0.33.jar:8.0.33]
	at com.mysql.cj.jdbc.ConnectionImpl.<init>(ConnectionImpl.java:446) ~[mysql-connector-j-8.0.33.jar:8.0.33]
	at com.mysql.cj.jdbc.ConnectionImpl.getInstance(ConnectionImpl.java:239) ~[mysql-connector-j-8.0.33.jar:8.0.33]
	at com.mysql.cj.jdbc.NonRegisteringDriver.connect(NonRegisteringDriver.java:188) ~[mysql-connector-j-8.0.33.jar:8.0.33]
	at com.alibaba.druid.filter.FilterChainImpl.connection_connect(FilterChainImpl.java:118) ~[druid-1.2.18.jar:na]
	at com.alibaba.druid.filter.FilterAdapter.connection_connect(FilterAdapter.java:764) ~[druid-1.2.18.jar:na]
	at com.alibaba.druid.filter.FilterChainImpl.connection_connect(FilterChainImpl.java:112) ~[druid-1.2.18.jar:na]
	at com.alibaba.druid.filter.stat.StatFilter.connection_connect(StatFilter.java:232) ~[druid-1.2.18.jar:na]
	at com.alibaba.druid.filter.FilterChainImpl.connection_connect(FilterChainImpl.java:112) ~[druid-1.2.18.jar:na]
	at com.alibaba.druid.pool.DruidAbstractDataSource.createPhysicalConnection(DruidAbstractDataSource.java:1694) ~[druid-1.2.18.jar:na]
	at com.alibaba.druid.pool.DruidAbstractDataSource.createPhysicalConnection(DruidAbstractDataSource.java:1789) ~[druid-1.2.18.jar:na]
	at com.alibaba.druid.pool.DruidDataSource$CreateConnectionThread.run(DruidDataSource.java:2942) ~[druid-1.2.18.jar:na]

2025-10-16T14:40:23.788+08:00 ERROR 18568 --- [Druid-ConnectionPool-Create-1348045338] com.alibaba.druid.pool.DruidDataSource   : create connection SQLException, url: jdbc:mysql://localhost:3306/logistics?serverTimezone=Asia/Shanghai&characterEncoding=UTF-8, errorCode 1045, state 28000

java.sql.SQLException: Access denied for user '肖泽生'@'localhost' (using password: NO)
	at com.mysql.cj.jdbc.exceptions.SQLError.createSQLException(SQLError.java:130) ~[mysql-connector-j-8.0.33.jar:8.0.33]
	at com.mysql.cj.jdbc.exceptions.SQLExceptionsMapping.translateException(SQLExceptionsMapping.java:122) ~[mysql-connector-j-8.0.33.jar:8.0.33]
	at com.mysql.cj.jdbc.ConnectionImpl.createNewIO(ConnectionImpl.java:825) ~[mysql-connector-j-8.0.33.jar:8.0.33]
	at com.mysql.cj.jdbc.ConnectionImpl.<init>(ConnectionImpl.java:446) ~[mysql-connector-j-8.0.33.jar:8.0.33]
	at com.mysql.cj.jdbc.ConnectionImpl.getInstance(ConnectionImpl.java:239) ~[mysql-connector-j-8.0.33.jar:8.0.33]
	at com.mysql.cj.jdbc.NonRegisteringDriver.connect(NonRegisteringDriver.java:188) ~[mysql-connector-j-8.0.33.jar:8.0.33]
	at com.alibaba.druid.filter.FilterChainImpl.connection_connect(FilterChainImpl.java:118) ~[druid-1.2.18.jar:na]
	at com.alibaba.druid.filter.FilterAdapter.connection_connect(FilterAdapter.java:764) ~[druid-1.2.18.jar:na]
	at com.alibaba.druid.filter.FilterChainImpl.connection_connect(FilterChainImpl.java:112) ~[druid-1.2.18.jar:na]
	at com.alibaba.druid.filter.stat.StatFilter.connection_connect(StatFilter.java:232) ~[druid-1.2.18.jar:na]
	at com.alibaba.druid.filter.FilterChainImpl.connection_connect(FilterChainImpl.java:112) ~[druid-1.2.18.jar:na]
	at com.alibaba.druid.pool.DruidAbstractDataSource.createPhysicalConnection(DruidAbstractDataSource.java:1694) ~[druid-1.2.18.jar:na]
	at com.alibaba.druid.pool.DruidAbstractDataSource.createPhysicalConnection(DruidAbstractDataSource.java:1789) ~[druid-1.2.18.jar:na]
	at com.alibaba.druid.pool.DruidDataSource$CreateConnectionThread.run(DruidDataSource.java:2942) ~[druid-1.2.18.jar:na]

2025-10-16T14:40:24.315+08:00 ERROR 18568 --- [Druid-ConnectionPool-Create-1348045338] com.alibaba.druid.pool.DruidDataSource   : create connection SQLException, url: jdbc:mysql://localhost:3306/logistics?serverTimezone=Asia/Shanghai&characterEncoding=UTF-8, errorCode 1045, state 28000

java.sql.SQLException: Access denied for user '肖泽生'@'localhost' (using password: NO)
	at com.mysql.cj.jdbc.exceptions.SQLError.createSQLException(SQLError.java:130) ~[mysql-connector-j-8.0.33.jar:8.0.33]
	at com.mysql.cj.jdbc.exceptions.SQLExceptionsMapping.translateException(SQLExceptionsMapping.java:122) ~[mysql-connector-j-8.0.33.jar:8.0.33]
	at com.mysql.cj.jdbc.ConnectionImpl.createNewIO(ConnectionImpl.java:825) ~[mysql-connector-j-8.0.33.jar:8.0.33]
	at com.mysql.cj.jdbc.ConnectionImpl.<init>(ConnectionImpl.java:446) ~[mysql-connector-j-8.0.33.jar:8.0.33]
	at com.mysql.cj.jdbc.ConnectionImpl.getInstance(ConnectionImpl.java:239) ~[mysql-connector-j-8.0.33.jar:8.0.33]
	at com.mysql.cj.jdbc.NonRegisteringDriver.connect(NonRegisteringDriver.java:188) ~[mysql-connector-j-8.0.33.jar:8.0.33]
	at com.alibaba.druid.filter.FilterChainImpl.connection_connect(FilterChainImpl.java:118) ~[druid-1.2.18.jar:na]
	at com.alibaba.druid.filter.FilterAdapter.connection_connect(FilterAdapter.java:764) ~[druid-1.2.18.jar:na]
	at com.alibaba.druid.filter.FilterChainImpl.connection_connect(FilterChainImpl.java:112) ~[druid-1.2.18.jar:na]
	at com.alibaba.druid.filter.stat.StatFilter.connection_connect(StatFilter.java:232) ~[druid-1.2.18.jar:na]
	at com.alibaba.druid.filter.FilterChainImpl.connection_connect(FilterChainImpl.java:112) ~[druid-1.2.18.jar:na]
	at com.alibaba.druid.pool.DruidAbstractDataSource.createPhysicalConnection(DruidAbstractDataSource.java:1694) ~[druid-1.2.18.jar:na]
	at com.alibaba.druid.pool.DruidAbstractDataSource.createPhysicalConnection(DruidAbstractDataSource.java:1789) ~[druid-1.2.18.jar:na]
	at com.alibaba.druid.pool.DruidDataSource$CreateConnectionThread.run(DruidDataSource.java:2942) ~[druid-1.2.18.jar:na]

2025-10-16T14:40:24.841+08:00 ERROR 18568 --- [Druid-ConnectionPool-Create-1348045338] com.alibaba.druid.pool.DruidDataSource   : create connection SQLException, url: jdbc:mysql://localhost:3306/logistics?serverTimezone=Asia/Shanghai&characterEncoding=UTF-8, errorCode 1045, state 28000

java.sql.SQLException: Access denied for user '肖泽生'@'localhost' (using password: NO)
	at com.mysql.cj.jdbc.exceptions.SQLError.createSQLException(SQLError.java:130) ~[mysql-connector-j-8.0.33.jar:8.0.33]
	at com.mysql.cj.jdbc.exceptions.SQLExceptionsMapping.translateException(SQLExceptionsMapping.java:122) ~[mysql-connector-j-8.0.33.jar:8.0.33]
	at com.mysql.cj.jdbc.ConnectionImpl.createNewIO(ConnectionImpl.java:825) ~[mysql-connector-j-8.0.33.jar:8.0.33]
	at com.mysql.cj.jdbc.ConnectionImpl.<init>(ConnectionImpl.java:446) ~[mysql-connector-j-8.0.33.jar:8.0.33]
	at com.mysql.cj.jdbc.ConnectionImpl.getInstance(ConnectionImpl.java:239) ~[mysql-connector-j-8.0.33.jar:8.0.33]
	at com.mysql.cj.jdbc.NonRegisteringDriver.connect(NonRegisteringDriver.java:188) ~[mysql-connector-j-8.0.33.jar:8.0.33]
	at com.alibaba.druid.filter.FilterChainImpl.connection_connect(FilterChainImpl.java:118) ~[druid-1.2.18.jar:na]
	at com.alibaba.druid.filter.FilterAdapter.connection_connect(FilterAdapter.java:764) ~[druid-1.2.18.jar:na]
	at com.alibaba.druid.filter.FilterChainImpl.connection_connect(FilterChainImpl.java:112) ~[druid-1.2.18.jar:na]
	at com.alibaba.druid.filter.stat.StatFilter.connection_connect(StatFilter.java:232) ~[druid-1.2.18.jar:na]
	at com.alibaba.druid.filter.FilterChainImpl.connection_connect(FilterChainImpl.java:112) ~[druid-1.2.18.jar:na]
	at com.alibaba.druid.pool.DruidAbstractDataSource.createPhysicalConnection(DruidAbstractDataSource.java:1694) ~[druid-1.2.18.jar:na]
	at com.alibaba.druid.pool.DruidAbstractDataSource.createPhysicalConnection(DruidAbstractDataSource.java:1789) ~[druid-1.2.18.jar:na]
	at com.alibaba.druid.pool.DruidDataSource$CreateConnectionThread.run(DruidDataSource.java:2942) ~[druid-1.2.18.jar:na]

2025-10-16T14:40:25.379+08:00 ERROR 18568 --- [Druid-ConnectionPool-Create-1348045338] com.alibaba.druid.pool.DruidDataSource   : create connection SQLException, url: jdbc:mysql://localhost:3306/logistics?serverTimezone=Asia/Shanghai&characterEncoding=UTF-8, errorCode 1045, state 28000

java.sql.SQLException: Access denied for user '肖泽生'@'localhost' (using password: NO)
	at com.mysql.cj.jdbc.exceptions.SQLError.createSQLException(SQLError.java:130) ~[mysql-connector-j-8.0.33.jar:8.0.33]
	at com.mysql.cj.jdbc.exceptions.SQLExceptionsMapping.translateException(SQLExceptionsMapping.java:122) ~[mysql-connector-j-8.0.33.jar:8.0.33]
	at com.mysql.cj.jdbc.ConnectionImpl.createNewIO(ConnectionImpl.java:825) ~[mysql-connector-j-8.0.33.jar:8.0.33]
	at com.mysql.cj.jdbc.ConnectionImpl.<init>(ConnectionImpl.java:446) ~[mysql-connector-j-8.0.33.jar:8.0.33]
	at com.mysql.cj.jdbc.ConnectionImpl.getInstance(ConnectionImpl.java:239) ~[mysql-connector-j-8.0.33.jar:8.0.33]
	at com.mysql.cj.jdbc.NonRegisteringDriver.connect(NonRegisteringDriver.java:188) ~[mysql-connector-j-8.0.33.jar:8.0.33]
	at com.alibaba.druid.filter.FilterChainImpl.connection_connect(FilterChainImpl.java:118) ~[druid-1.2.18.jar:na]
	at com.alibaba.druid.filter.FilterAdapter.connection_connect(FilterAdapter.java:764) ~[druid-1.2.18.jar:na]
	at com.alibaba.druid.filter.FilterChainImpl.connection_connect(FilterChainImpl.java:112) ~[druid-1.2.18.jar:na]
	at com.alibaba.druid.filter.stat.StatFilter.connection_connect(StatFilter.java:232) ~[druid-1.2.18.jar:na]
	at com.alibaba.druid.filter.FilterChainImpl.connection_connect(FilterChainImpl.java:112) ~[druid-1.2.18.jar:na]
	at com.alibaba.druid.pool.DruidAbstractDataSource.createPhysicalConnection(DruidAbstractDataSource.java:1694) ~[druid-1.2.18.jar:na]
	at com.alibaba.druid.pool.DruidAbstractDataSource.createPhysicalConnection(DruidAbstractDataSource.java:1789) ~[druid-1.2.18.jar:na]
	at com.alibaba.druid.pool.DruidDataSource$CreateConnectionThread.run(DruidDataSource.java:2942) ~[druid-1.2.18.jar:na]

2025-10-16T14:40:25.911+08:00 ERROR 18568 --- [Druid-ConnectionPool-Create-1348045338] com.alibaba.druid.pool.DruidDataSource   : create connection SQLException, url: jdbc:mysql://localhost:3306/logistics?serverTimezone=Asia/Shanghai&characterEncoding=UTF-8, errorCode 1045, state 28000

java.sql.SQLException: Access denied for user '肖泽生'@'localhost' (using password: NO)
	at com.mysql.cj.jdbc.exceptions.SQLError.createSQLException(SQLError.java:130) ~[mysql-connector-j-8.0.33.jar:8.0.33]
	at com.mysql.cj.jdbc.exceptions.SQLExceptionsMapping.translateException(SQLExceptionsMapping.java:122) ~[mysql-connector-j-8.0.33.jar:8.0.33]
	at com.mysql.cj.jdbc.ConnectionImpl.createNewIO(ConnectionImpl.java:825) ~[mysql-connector-j-8.0.33.jar:8.0.33]
	at com.mysql.cj.jdbc.ConnectionImpl.<init>(ConnectionImpl.java:446) ~[mysql-connector-j-8.0.33.jar:8.0.33]
	at com.mysql.cj.jdbc.ConnectionImpl.getInstance(ConnectionImpl.java:239) ~[mysql-connector-j-8.0.33.jar:8.0.33]
	at com.mysql.cj.jdbc.NonRegisteringDriver.connect(NonRegisteringDriver.java:188) ~[mysql-connector-j-8.0.33.jar:8.0.33]
	at com.alibaba.druid.filter.FilterChainImpl.connection_connect(FilterChainImpl.java:118) ~[druid-1.2.18.jar:na]
	at com.alibaba.druid.filter.FilterAdapter.connection_connect(FilterAdapter.java:764) ~[druid-1.2.18.jar:na]
	at com.alibaba.druid.filter.FilterChainImpl.connection_connect(FilterChainImpl.java:112) ~[druid-1.2.18.jar:na]
	at com.alibaba.druid.filter.stat.StatFilter.connection_connect(StatFilter.java:232) ~[druid-1.2.18.jar:na]
	at com.alibaba.druid.filter.FilterChainImpl.connection_connect(FilterChainImpl.java:112) ~[druid-1.2.18.jar:na]
	at com.alibaba.druid.pool.DruidAbstractDataSource.createPhysicalConnection(DruidAbstractDataSource.java:1694) ~[druid-1.2.18.jar:na]
	at com.alibaba.druid.pool.DruidAbstractDataSource.createPhysicalConnection(DruidAbstractDataSource.java:1789) ~[druid-1.2.18.jar:na]
	at com.alibaba.druid.pool.DruidDataSource$CreateConnectionThread.run(DruidDataSource.java:2942) ~[druid-1.2.18.jar:na]

2025-10-16T14:40:26.430+08:00 ERROR 18568 --- [Druid-ConnectionPool-Create-1348045338] com.alibaba.druid.pool.DruidDataSource   : create connection SQLException, url: jdbc:mysql://localhost:3306/logistics?serverTimezone=Asia/Shanghai&characterEncoding=UTF-8, errorCode 1045, state 28000

java.sql.SQLException: Access denied for user '肖泽生'@'localhost' (using password: NO)
	at com.mysql.cj.jdbc.exceptions.SQLError.createSQLException(SQLError.java:130) ~[mysql-connector-j-8.0.33.jar:8.0.33]
	at com.mysql.cj.jdbc.exceptions.SQLExceptionsMapping.translateException(SQLExceptionsMapping.java:122) ~[mysql-connector-j-8.0.33.jar:8.0.33]
	at com.mysql.cj.jdbc.ConnectionImpl.createNewIO(ConnectionImpl.java:825) ~[mysql-connector-j-8.0.33.jar:8.0.33]
	at com.mysql.cj.jdbc.ConnectionImpl.<init>(ConnectionImpl.java:446) ~[mysql-connector-j-8.0.33.jar:8.0.33]
	at com.mysql.cj.jdbc.ConnectionImpl.getInstance(ConnectionImpl.java:239) ~[mysql-connector-j-8.0.33.jar:8.0.33]
	at com.mysql.cj.jdbc.NonRegisteringDriver.connect(NonRegisteringDriver.java:188) ~[mysql-connector-j-8.0.33.jar:8.0.33]
	at com.alibaba.druid.filter.FilterChainImpl.connection_connect(FilterChainImpl.java:118) ~[druid-1.2.18.jar:na]
	at com.alibaba.druid.filter.FilterAdapter.connection_connect(FilterAdapter.java:764) ~[druid-1.2.18.jar:na]
	at com.alibaba.druid.filter.FilterChainImpl.connection_connect(FilterChainImpl.java:112) ~[druid-1.2.18.jar:na]
	at com.alibaba.druid.filter.stat.StatFilter.connection_connect(StatFilter.java:232) ~[druid-1.2.18.jar:na]
	at com.alibaba.druid.filter.FilterChainImpl.connection_connect(FilterChainImpl.java:112) ~[druid-1.2.18.jar:na]
	at com.alibaba.druid.pool.DruidAbstractDataSource.createPhysicalConnection(DruidAbstractDataSource.java:1694) ~[druid-1.2.18.jar:na]
	at com.alibaba.druid.pool.DruidAbstractDataSource.createPhysicalConnection(DruidAbstractDataSource.java:1789) ~[druid-1.2.18.jar:na]
	at com.alibaba.druid.pool.DruidDataSource$CreateConnectionThread.run(DruidDataSource.java:2942) ~[druid-1.2.18.jar:na]

2025-10-16T14:40:26.959+08:00 ERROR 18568 --- [Druid-ConnectionPool-Create-1348045338] com.alibaba.druid.pool.DruidDataSource   : create connection SQLException, url: jdbc:mysql://localhost:3306/logistics?serverTimezone=Asia/Shanghai&characterEncoding=UTF-8, errorCode 1045, state 28000

java.sql.SQLException: Access denied for user '肖泽生'@'localhost' (using password: NO)
	at com.mysql.cj.jdbc.exceptions.SQLError.createSQLException(SQLError.java:130) ~[mysql-connector-j-8.0.33.jar:8.0.33]
	at com.mysql.cj.jdbc.exceptions.SQLExceptionsMapping.translateException(SQLExceptionsMapping.java:122) ~[mysql-connector-j-8.0.33.jar:8.0.33]
	at com.mysql.cj.jdbc.ConnectionImpl.createNewIO(ConnectionImpl.java:825) ~[mysql-connector-j-8.0.33.jar:8.0.33]
	at com.mysql.cj.jdbc.ConnectionImpl.<init>(ConnectionImpl.java:446) ~[mysql-connector-j-8.0.33.jar:8.0.33]
	at com.mysql.cj.jdbc.ConnectionImpl.getInstance(ConnectionImpl.java:239) ~[mysql-connector-j-8.0.33.jar:8.0.33]
	at com.mysql.cj.jdbc.NonRegisteringDriver.connect(NonRegisteringDriver.java:188) ~[mysql-connector-j-8.0.33.jar:8.0.33]
	at com.alibaba.druid.filter.FilterChainImpl.connection_connect(FilterChainImpl.java:118) ~[druid-1.2.18.jar:na]
	at com.alibaba.druid.filter.FilterAdapter.connection_connect(FilterAdapter.java:764) ~[druid-1.2.18.jar:na]
	at com.alibaba.druid.filter.FilterChainImpl.connection_connect(FilterChainImpl.java:112) ~[druid-1.2.18.jar:na]
	at com.alibaba.druid.filter.stat.StatFilter.connection_connect(StatFilter.java:232) ~[druid-1.2.18.jar:na]
	at com.alibaba.druid.filter.FilterChainImpl.connection_connect(FilterChainImpl.java:112) ~[druid-1.2.18.jar:na]
	at com.alibaba.druid.pool.DruidAbstractDataSource.createPhysicalConnection(DruidAbstractDataSource.java:1694) ~[druid-1.2.18.jar:na]
	at com.alibaba.druid.pool.DruidAbstractDataSource.createPhysicalConnection(DruidAbstractDataSource.java:1789) ~[druid-1.2.18.jar:na]
	at com.alibaba.druid.pool.DruidDataSource$CreateConnectionThread.run(DruidDataSource.java:2942) ~[druid-1.2.18.jar:na]

2025-10-16T14:40:27.468+08:00 ERROR 18568 --- [Druid-ConnectionPool-Create-1348045338] com.alibaba.druid.pool.DruidDataSource   : create connection SQLException, url: jdbc:mysql://localhost:3306/logistics?serverTimezone=Asia/Shanghai&characterEncoding=UTF-8, errorCode 1045, state 28000

java.sql.SQLException: Access denied for user '肖泽生'@'localhost' (using password: NO)
	at com.mysql.cj.jdbc.exceptions.SQLError.createSQLException(SQLError.java:130) ~[mysql-connector-j-8.0.33.jar:8.0.33]
	at com.mysql.cj.jdbc.exceptions.SQLExceptionsMapping.translateException(SQLExceptionsMapping.java:122) ~[mysql-connector-j-8.0.33.jar:8.0.33]
	at com.mysql.cj.jdbc.ConnectionImpl.createNewIO(ConnectionImpl.java:825) ~[mysql-connector-j-8.0.33.jar:8.0.33]
	at com.mysql.cj.jdbc.ConnectionImpl.<init>(ConnectionImpl.java:446) ~[mysql-connector-j-8.0.33.jar:8.0.33]
	at com.mysql.cj.jdbc.ConnectionImpl.getInstance(ConnectionImpl.java:239) ~[mysql-connector-j-8.0.33.jar:8.0.33]
	at com.mysql.cj.jdbc.NonRegisteringDriver.connect(NonRegisteringDriver.java:188) ~[mysql-connector-j-8.0.33.jar:8.0.33]
	at com.alibaba.druid.filter.FilterChainImpl.connection_connect(FilterChainImpl.java:118) ~[druid-1.2.18.jar:na]
	at com.alibaba.druid.filter.FilterAdapter.connection_connect(FilterAdapter.java:764) ~[druid-1.2.18.jar:na]
	at com.alibaba.druid.filter.FilterChainImpl.connection_connect(FilterChainImpl.java:112) ~[druid-1.2.18.jar:na]
	at com.alibaba.druid.filter.stat.StatFilter.connection_connect(StatFilter.java:232) ~[druid-1.2.18.jar:na]
	at com.alibaba.druid.filter.FilterChainImpl.connection_connect(FilterChainImpl.java:112) ~[druid-1.2.18.jar:na]
	at com.alibaba.druid.pool.DruidAbstractDataSource.createPhysicalConnection(DruidAbstractDataSource.java:1694) ~[druid-1.2.18.jar:na]
	at com.alibaba.druid.pool.DruidAbstractDataSource.createPhysicalConnection(DruidAbstractDataSource.java:1789) ~[druid-1.2.18.jar:na]
	at com.alibaba.druid.pool.DruidDataSource$CreateConnectionThread.run(DruidDataSource.java:2942) ~[druid-1.2.18.jar:na]

2025-10-16T14:40:28.002+08:00 ERROR 18568 --- [Druid-ConnectionPool-Create-1348045338] com.alibaba.druid.pool.DruidDataSource   : create connection SQLException, url: jdbc:mysql://localhost:3306/logistics?serverTimezone=Asia/Shanghai&characterEncoding=UTF-8, errorCode 1045, state 28000

java.sql.SQLException: Access denied for user '肖泽生'@'localhost' (using password: NO)
	at com.mysql.cj.jdbc.exceptions.SQLError.createSQLException(SQLError.java:130) ~[mysql-connector-j-8.0.33.jar:8.0.33]
	at com.mysql.cj.jdbc.exceptions.SQLExceptionsMapping.translateException(SQLExceptionsMapping.java:122) ~[mysql-connector-j-8.0.33.jar:8.0.33]
	at com.mysql.cj.jdbc.ConnectionImpl.createNewIO(ConnectionImpl.java:825) ~[mysql-connector-j-8.0.33.jar:8.0.33]
	at com.mysql.cj.jdbc.ConnectionImpl.<init>(ConnectionImpl.java:446) ~[mysql-connector-j-8.0.33.jar:8.0.33]
	at com.mysql.cj.jdbc.ConnectionImpl.getInstance(ConnectionImpl.java:239) ~[mysql-connector-j-8.0.33.jar:8.0.33]
	at com.mysql.cj.jdbc.NonRegisteringDriver.connect(NonRegisteringDriver.java:188) ~[mysql-connector-j-8.0.33.jar:8.0.33]
	at com.alibaba.druid.filter.FilterChainImpl.connection_connect(FilterChainImpl.java:118) ~[druid-1.2.18.jar:na]
	at com.alibaba.druid.filter.FilterAdapter.connection_connect(FilterAdapter.java:764) ~[druid-1.2.18.jar:na]
	at com.alibaba.druid.filter.FilterChainImpl.connection_connect(FilterChainImpl.java:112) ~[druid-1.2.18.jar:na]
	at com.alibaba.druid.filter.stat.StatFilter.connection_connect(StatFilter.java:232) ~[druid-1.2.18.jar:na]
	at com.alibaba.druid.filter.FilterChainImpl.connection_connect(FilterChainImpl.java:112) ~[druid-1.2.18.jar:na]
	at com.alibaba.druid.pool.DruidAbstractDataSource.createPhysicalConnection(DruidAbstractDataSource.java:1694) ~[druid-1.2.18.jar:na]
	at com.alibaba.druid.pool.DruidAbstractDataSource.createPhysicalConnection(DruidAbstractDataSource.java:1789) ~[druid-1.2.18.jar:na]
	at com.alibaba.druid.pool.DruidDataSource$CreateConnectionThread.run(DruidDataSource.java:2942) ~[druid-1.2.18.jar:na]

2025-10-16T14:40:28.529+08:00 ERROR 18568 --- [Druid-ConnectionPool-Create-1348045338] com.alibaba.druid.pool.DruidDataSource   : create connection SQLException, url: jdbc:mysql://localhost:3306/logistics?serverTimezone=Asia/Shanghai&characterEncoding=UTF-8, errorCode 1045, state 28000

java.sql.SQLException: Access denied for user '肖泽生'@'localhost' (using password: NO)
	at com.mysql.cj.jdbc.exceptions.SQLError.createSQLException(SQLError.java:130) ~[mysql-connector-j-8.0.33.jar:8.0.33]
	at com.mysql.cj.jdbc.exceptions.SQLExceptionsMapping.translateException(SQLExceptionsMapping.java:122) ~[mysql-connector-j-8.0.33.jar:8.0.33]
	at com.mysql.cj.jdbc.ConnectionImpl.createNewIO(ConnectionImpl.java:825) ~[mysql-connector-j-8.0.33.jar:8.0.33]
	at com.mysql.cj.jdbc.ConnectionImpl.<init>(ConnectionImpl.java:446) ~[mysql-connector-j-8.0.33.jar:8.0.33]
	at com.mysql.cj.jdbc.ConnectionImpl.getInstance(ConnectionImpl.java:239) ~[mysql-connector-j-8.0.33.jar:8.0.33]
	at com.mysql.cj.jdbc.NonRegisteringDriver.connect(NonRegisteringDriver.java:188) ~[mysql-connector-j-8.0.33.jar:8.0.33]
	at com.alibaba.druid.filter.FilterChainImpl.connection_connect(FilterChainImpl.java:118) ~[druid-1.2.18.jar:na]
	at com.alibaba.druid.filter.FilterAdapter.connection_connect(FilterAdapter.java:764) ~[druid-1.2.18.jar:na]
	at com.alibaba.druid.filter.FilterChainImpl.connection_connect(FilterChainImpl.java:112) ~[druid-1.2.18.jar:na]
	at com.alibaba.druid.filter.stat.StatFilter.connection_connect(StatFilter.java:232) ~[druid-1.2.18.jar:na]
	at com.alibaba.druid.filter.FilterChainImpl.connection_connect(FilterChainImpl.java:112) ~[druid-1.2.18.jar:na]
	at com.alibaba.druid.pool.DruidAbstractDataSource.createPhysicalConnection(DruidAbstractDataSource.java:1694) ~[druid-1.2.18.jar:na]
	at com.alibaba.druid.pool.DruidAbstractDataSource.createPhysicalConnection(DruidAbstractDataSource.java:1789) ~[druid-1.2.18.jar:na]
	at com.alibaba.druid.pool.DruidDataSource$CreateConnectionThread.run(DruidDataSource.java:2942) ~[druid-1.2.18.jar:na]

2025-10-16T14:40:29.048+08:00 ERROR 18568 --- [Druid-ConnectionPool-Create-1348045338] com.alibaba.druid.pool.DruidDataSource   : create connection SQLException, url: jdbc:mysql://localhost:3306/logistics?serverTimezone=Asia/Shanghai&characterEncoding=UTF-8, errorCode 1045, state 28000

java.sql.SQLException: Access denied for user '肖泽生'@'localhost' (using password: NO)
	at com.mysql.cj.jdbc.exceptions.SQLError.createSQLException(SQLError.java:130) ~[mysql-connector-j-8.0.33.jar:8.0.33]
	at com.mysql.cj.jdbc.exceptions.SQLExceptionsMapping.translateException(SQLExceptionsMapping.java:122) ~[mysql-connector-j-8.0.33.jar:8.0.33]
	at com.mysql.cj.jdbc.ConnectionImpl.createNewIO(ConnectionImpl.java:825) ~[mysql-connector-j-8.0.33.jar:8.0.33]
	at com.mysql.cj.jdbc.ConnectionImpl.<init>(ConnectionImpl.java:446) ~[mysql-connector-j-8.0.33.jar:8.0.33]
	at com.mysql.cj.jdbc.ConnectionImpl.getInstance(ConnectionImpl.java:239) ~[mysql-connector-j-8.0.33.jar:8.0.33]
	at com.mysql.cj.jdbc.NonRegisteringDriver.connect(NonRegisteringDriver.java:188) ~[mysql-connector-j-8.0.33.jar:8.0.33]
	at com.alibaba.druid.filter.FilterChainImpl.connection_connect(FilterChainImpl.java:118) ~[druid-1.2.18.jar:na]
	at com.alibaba.druid.filter.FilterAdapter.connection_connect(FilterAdapter.java:764) ~[druid-1.2.18.jar:na]
	at com.alibaba.druid.filter.FilterChainImpl.connection_connect(FilterChainImpl.java:112) ~[druid-1.2.18.jar:na]
	at com.alibaba.druid.filter.stat.StatFilter.connection_connect(StatFilter.java:232) ~[druid-1.2.18.jar:na]
	at com.alibaba.druid.filter.FilterChainImpl.connection_connect(FilterChainImpl.java:112) ~[druid-1.2.18.jar:na]
	at com.alibaba.druid.pool.DruidAbstractDataSource.createPhysicalConnection(DruidAbstractDataSource.java:1694) ~[druid-1.2.18.jar:na]
	at com.alibaba.druid.pool.DruidAbstractDataSource.createPhysicalConnection(DruidAbstractDataSource.java:1789) ~[druid-1.2.18.jar:na]
	at com.alibaba.druid.pool.DruidDataSource$CreateConnectionThread.run(DruidDataSource.java:2942) ~[druid-1.2.18.jar:na]

2025-10-16T14:40:29.570+08:00 ERROR 18568 --- [Druid-ConnectionPool-Create-1348045338] com.alibaba.druid.pool.DruidDataSource   : create connection SQLException, url: jdbc:mysql://localhost:3306/logistics?serverTimezone=Asia/Shanghai&characterEncoding=UTF-8, errorCode 1045, state 28000

java.sql.SQLException: Access denied for user '肖泽生'@'localhost' (using password: NO)
	at com.mysql.cj.jdbc.exceptions.SQLError.createSQLException(SQLError.java:130) ~[mysql-connector-j-8.0.33.jar:8.0.33]
	at com.mysql.cj.jdbc.exceptions.SQLExceptionsMapping.translateException(SQLExceptionsMapping.java:122) ~[mysql-connector-j-8.0.33.jar:8.0.33]
	at com.mysql.cj.jdbc.ConnectionImpl.createNewIO(ConnectionImpl.java:825) ~[mysql-connector-j-8.0.33.jar:8.0.33]
	at com.mysql.cj.jdbc.ConnectionImpl.<init>(ConnectionImpl.java:446) ~[mysql-connector-j-8.0.33.jar:8.0.33]
	at com.mysql.cj.jdbc.ConnectionImpl.getInstance(ConnectionImpl.java:239) ~[mysql-connector-j-8.0.33.jar:8.0.33]
	at com.mysql.cj.jdbc.NonRegisteringDriver.connect(NonRegisteringDriver.java:188) ~[mysql-connector-j-8.0.33.jar:8.0.33]
	at com.alibaba.druid.filter.FilterChainImpl.connection_connect(FilterChainImpl.java:118) ~[druid-1.2.18.jar:na]
	at com.alibaba.druid.filter.FilterAdapter.connection_connect(FilterAdapter.java:764) ~[druid-1.2.18.jar:na]
	at com.alibaba.druid.filter.FilterChainImpl.connection_connect(FilterChainImpl.java:112) ~[druid-1.2.18.jar:na]
	at com.alibaba.druid.filter.stat.StatFilter.connection_connect(StatFilter.java:232) ~[druid-1.2.18.jar:na]
	at com.alibaba.druid.filter.FilterChainImpl.connection_connect(FilterChainImpl.java:112) ~[druid-1.2.18.jar:na]
	at com.alibaba.druid.pool.DruidAbstractDataSource.createPhysicalConnection(DruidAbstractDataSource.java:1694) ~[druid-1.2.18.jar:na]
	at com.alibaba.druid.pool.DruidAbstractDataSource.createPhysicalConnection(DruidAbstractDataSource.java:1789) ~[druid-1.2.18.jar:na]
	at com.alibaba.druid.pool.DruidDataSource$CreateConnectionThread.run(DruidDataSource.java:2942) ~[druid-1.2.18.jar:na]

2025-10-16T14:40:30.103+08:00 ERROR 18568 --- [Druid-ConnectionPool-Create-1348045338] com.alibaba.druid.pool.DruidDataSource   : create connection SQLException, url: jdbc:mysql://localhost:3306/logistics?serverTimezone=Asia/Shanghai&characterEncoding=UTF-8, errorCode 1045, state 28000

java.sql.SQLException: Access denied for user '肖泽生'@'localhost' (using password: NO)
	at com.mysql.cj.jdbc.exceptions.SQLError.createSQLException(SQLError.java:130) ~[mysql-connector-j-8.0.33.jar:8.0.33]
	at com.mysql.cj.jdbc.exceptions.SQLExceptionsMapping.translateException(SQLExceptionsMapping.java:122) ~[mysql-connector-j-8.0.33.jar:8.0.33]
	at com.mysql.cj.jdbc.ConnectionImpl.createNewIO(ConnectionImpl.java:825) ~[mysql-connector-j-8.0.33.jar:8.0.33]
	at com.mysql.cj.jdbc.ConnectionImpl.<init>(ConnectionImpl.java:446) ~[mysql-connector-j-8.0.33.jar:8.0.33]
	at com.mysql.cj.jdbc.ConnectionImpl.getInstance(ConnectionImpl.java:239) ~[mysql-connector-j-8.0.33.jar:8.0.33]
	at com.mysql.cj.jdbc.NonRegisteringDriver.connect(NonRegisteringDriver.java:188) ~[mysql-connector-j-8.0.33.jar:8.0.33]
	at com.alibaba.druid.filter.FilterChainImpl.connection_connect(FilterChainImpl.java:118) ~[druid-1.2.18.jar:na]
	at com.alibaba.druid.filter.FilterAdapter.connection_connect(FilterAdapter.java:764) ~[druid-1.2.18.jar:na]
	at com.alibaba.druid.filter.FilterChainImpl.connection_connect(FilterChainImpl.java:112) ~[druid-1.2.18.jar:na]
	at com.alibaba.druid.filter.stat.StatFilter.connection_connect(StatFilter.java:232) ~[druid-1.2.18.jar:na]
	at com.alibaba.druid.filter.FilterChainImpl.connection_connect(FilterChainImpl.java:112) ~[druid-1.2.18.jar:na]
	at com.alibaba.druid.pool.DruidAbstractDataSource.createPhysicalConnection(DruidAbstractDataSource.java:1694) ~[druid-1.2.18.jar:na]
	at com.alibaba.druid.pool.DruidAbstractDataSource.createPhysicalConnection(DruidAbstractDataSource.java:1789) ~[druid-1.2.18.jar:na]
	at com.alibaba.druid.pool.DruidDataSource$CreateConnectionThread.run(DruidDataSource.java:2942) ~[druid-1.2.18.jar:na]

2025-10-16T14:40:30.627+08:00 ERROR 18568 --- [Druid-ConnectionPool-Create-1348045338] com.alibaba.druid.pool.DruidDataSource   : create connection SQLException, url: jdbc:mysql://localhost:3306/logistics?serverTimezone=Asia/Shanghai&characterEncoding=UTF-8, errorCode 1045, state 28000

java.sql.SQLException: Access denied for user '肖泽生'@'localhost' (using password: NO)
	at com.mysql.cj.jdbc.exceptions.SQLError.createSQLException(SQLError.java:130) ~[mysql-connector-j-8.0.33.jar:8.0.33]
	at com.mysql.cj.jdbc.exceptions.SQLExceptionsMapping.translateException(SQLExceptionsMapping.java:122) ~[mysql-connector-j-8.0.33.jar:8.0.33]
	at com.mysql.cj.jdbc.ConnectionImpl.createNewIO(ConnectionImpl.java:825) ~[mysql-connector-j-8.0.33.jar:8.0.33]
	at com.mysql.cj.jdbc.ConnectionImpl.<init>(ConnectionImpl.java:446) ~[mysql-connector-j-8.0.33.jar:8.0.33]
	at com.mysql.cj.jdbc.ConnectionImpl.getInstance(ConnectionImpl.java:239) ~[mysql-connector-j-8.0.33.jar:8.0.33]
	at com.mysql.cj.jdbc.NonRegisteringDriver.connect(NonRegisteringDriver.java:188) ~[mysql-connector-j-8.0.33.jar:8.0.33]
	at com.alibaba.druid.filter.FilterChainImpl.connection_connect(FilterChainImpl.java:118) ~[druid-1.2.18.jar:na]
	at com.alibaba.druid.filter.FilterAdapter.connection_connect(FilterAdapter.java:764) ~[druid-1.2.18.jar:na]
	at com.alibaba.druid.filter.FilterChainImpl.connection_connect(FilterChainImpl.java:112) ~[druid-1.2.18.jar:na]
	at com.alibaba.druid.filter.stat.StatFilter.connection_connect(StatFilter.java:232) ~[druid-1.2.18.jar:na]
	at com.alibaba.druid.filter.FilterChainImpl.connection_connect(FilterChainImpl.java:112) ~[druid-1.2.18.jar:na]
	at com.alibaba.druid.pool.DruidAbstractDataSource.createPhysicalConnection(DruidAbstractDataSource.java:1694) ~[druid-1.2.18.jar:na]
	at com.alibaba.druid.pool.DruidAbstractDataSource.createPhysicalConnection(DruidAbstractDataSource.java:1789) ~[druid-1.2.18.jar:na]
	at com.alibaba.druid.pool.DruidDataSource$CreateConnectionThread.run(DruidDataSource.java:2942) ~[druid-1.2.18.jar:na]

2025-10-16T14:40:31.153+08:00 ERROR 18568 --- [Druid-ConnectionPool-Create-1348045338] com.alibaba.druid.pool.DruidDataSource   : create connection SQLException, url: jdbc:mysql://localhost:3306/logistics?serverTimezone=Asia/Shanghai&characterEncoding=UTF-8, errorCode 1045, state 28000

java.sql.SQLException: Access denied for user '肖泽生'@'localhost' (using password: NO)
	at com.mysql.cj.jdbc.exceptions.SQLError.createSQLException(SQLError.java:130) ~[mysql-connector-j-8.0.33.jar:8.0.33]
	at com.mysql.cj.jdbc.exceptions.SQLExceptionsMapping.translateException(SQLExceptionsMapping.java:122) ~[mysql-connector-j-8.0.33.jar:8.0.33]
	at com.mysql.cj.jdbc.ConnectionImpl.createNewIO(ConnectionImpl.java:825) ~[mysql-connector-j-8.0.33.jar:8.0.33]
	at com.mysql.cj.jdbc.ConnectionImpl.<init>(ConnectionImpl.java:446) ~[mysql-connector-j-8.0.33.jar:8.0.33]
	at com.mysql.cj.jdbc.ConnectionImpl.getInstance(ConnectionImpl.java:239) ~[mysql-connector-j-8.0.33.jar:8.0.33]
	at com.mysql.cj.jdbc.NonRegisteringDriver.connect(NonRegisteringDriver.java:188) ~[mysql-connector-j-8.0.33.jar:8.0.33]
	at com.alibaba.druid.filter.FilterChainImpl.connection_connect(FilterChainImpl.java:118) ~[druid-1.2.18.jar:na]
	at com.alibaba.druid.filter.FilterAdapter.connection_connect(FilterAdapter.java:764) ~[druid-1.2.18.jar:na]
	at com.alibaba.druid.filter.FilterChainImpl.connection_connect(FilterChainImpl.java:112) ~[druid-1.2.18.jar:na]
	at com.alibaba.druid.filter.stat.StatFilter.connection_connect(StatFilter.java:232) ~[druid-1.2.18.jar:na]
	at com.alibaba.druid.filter.FilterChainImpl.connection_connect(FilterChainImpl.java:112) ~[druid-1.2.18.jar:na]
	at com.alibaba.druid.pool.DruidAbstractDataSource.createPhysicalConnection(DruidAbstractDataSource.java:1694) ~[druid-1.2.18.jar:na]
	at com.alibaba.druid.pool.DruidAbstractDataSource.createPhysicalConnection(DruidAbstractDataSource.java:1789) ~[druid-1.2.18.jar:na]
	at com.alibaba.druid.pool.DruidDataSource$CreateConnectionThread.run(DruidDataSource.java:2942) ~[druid-1.2.18.jar:na]

2025-10-16T14:40:31.673+08:00 ERROR 18568 --- [Druid-ConnectionPool-Create-1348045338] com.alibaba.druid.pool.DruidDataSource   : create connection SQLException, url: jdbc:mysql://localhost:3306/logistics?serverTimezone=Asia/Shanghai&characterEncoding=UTF-8, errorCode 1045, state 28000

java.sql.SQLException: Access denied for user '肖泽生'@'localhost' (using password: NO)
	at com.mysql.cj.jdbc.exceptions.SQLError.createSQLException(SQLError.java:130) ~[mysql-connector-j-8.0.33.jar:8.0.33]
	at com.mysql.cj.jdbc.exceptions.SQLExceptionsMapping.translateException(SQLExceptionsMapping.java:122) ~[mysql-connector-j-8.0.33.jar:8.0.33]
	at com.mysql.cj.jdbc.ConnectionImpl.createNewIO(ConnectionImpl.java:825) ~[mysql-connector-j-8.0.33.jar:8.0.33]
	at com.mysql.cj.jdbc.ConnectionImpl.<init>(ConnectionImpl.java:446) ~[mysql-connector-j-8.0.33.jar:8.0.33]
	at com.mysql.cj.jdbc.ConnectionImpl.getInstance(ConnectionImpl.java:239) ~[mysql-connector-j-8.0.33.jar:8.0.33]
	at com.mysql.cj.jdbc.NonRegisteringDriver.connect(NonRegisteringDriver.java:188) ~[mysql-connector-j-8.0.33.jar:8.0.33]
	at com.alibaba.druid.filter.FilterChainImpl.connection_connect(FilterChainImpl.java:118) ~[druid-1.2.18.jar:na]
	at com.alibaba.druid.filter.FilterAdapter.connection_connect(FilterAdapter.java:764) ~[druid-1.2.18.jar:na]
	at com.alibaba.druid.filter.FilterChainImpl.connection_connect(FilterChainImpl.java:112) ~[druid-1.2.18.jar:na]
	at com.alibaba.druid.filter.stat.StatFilter.connection_connect(StatFilter.java:232) ~[druid-1.2.18.jar:na]
	at com.alibaba.druid.filter.FilterChainImpl.connection_connect(FilterChainImpl.java:112) ~[druid-1.2.18.jar:na]
	at com.alibaba.druid.pool.DruidAbstractDataSource.createPhysicalConnection(DruidAbstractDataSource.java:1694) ~[druid-1.2.18.jar:na]
	at com.alibaba.druid.pool.DruidAbstractDataSource.createPhysicalConnection(DruidAbstractDataSource.java:1789) ~[druid-1.2.18.jar:na]
	at com.alibaba.druid.pool.DruidDataSource$CreateConnectionThread.run(DruidDataSource.java:2942) ~[druid-1.2.18.jar:na]

2025-10-16T14:40:32.197+08:00 ERROR 18568 --- [Druid-ConnectionPool-Create-1348045338] com.alibaba.druid.pool.DruidDataSource   : create connection SQLException, url: jdbc:mysql://localhost:3306/logistics?serverTimezone=Asia/Shanghai&characterEncoding=UTF-8, errorCode 1045, state 28000

java.sql.SQLException: Access denied for user '肖泽生'@'localhost' (using password: NO)
	at com.mysql.cj.jdbc.exceptions.SQLError.createSQLException(SQLError.java:130) ~[mysql-connector-j-8.0.33.jar:8.0.33]
	at com.mysql.cj.jdbc.exceptions.SQLExceptionsMapping.translateException(SQLExceptionsMapping.java:122) ~[mysql-connector-j-8.0.33.jar:8.0.33]
	at com.mysql.cj.jdbc.ConnectionImpl.createNewIO(ConnectionImpl.java:825) ~[mysql-connector-j-8.0.33.jar:8.0.33]
	at com.mysql.cj.jdbc.ConnectionImpl.<init>(ConnectionImpl.java:446) ~[mysql-connector-j-8.0.33.jar:8.0.33]
	at com.mysql.cj.jdbc.ConnectionImpl.getInstance(ConnectionImpl.java:239) ~[mysql-connector-j-8.0.33.jar:8.0.33]
	at com.mysql.cj.jdbc.NonRegisteringDriver.connect(NonRegisteringDriver.java:188) ~[mysql-connector-j-8.0.33.jar:8.0.33]
	at com.alibaba.druid.filter.FilterChainImpl.connection_connect(FilterChainImpl.java:118) ~[druid-1.2.18.jar:na]
	at com.alibaba.druid.filter.FilterAdapter.connection_connect(FilterAdapter.java:764) ~[druid-1.2.18.jar:na]
	at com.alibaba.druid.filter.FilterChainImpl.connection_connect(FilterChainImpl.java:112) ~[druid-1.2.18.jar:na]
	at com.alibaba.druid.filter.stat.StatFilter.connection_connect(StatFilter.java:232) ~[druid-1.2.18.jar:na]
	at com.alibaba.druid.filter.FilterChainImpl.connection_connect(FilterChainImpl.java:112) ~[druid-1.2.18.jar:na]
	at com.alibaba.druid.pool.DruidAbstractDataSource.createPhysicalConnection(DruidAbstractDataSource.java:1694) ~[druid-1.2.18.jar:na]
	at com.alibaba.druid.pool.DruidAbstractDataSource.createPhysicalConnection(DruidAbstractDataSource.java:1789) ~[druid-1.2.18.jar:na]
	at com.alibaba.druid.pool.DruidDataSource$CreateConnectionThread.run(DruidDataSource.java:2942) ~[druid-1.2.18.jar:na]

2025-10-16T14:40:32.725+08:00 ERROR 18568 --- [Druid-ConnectionPool-Create-1348045338] com.alibaba.druid.pool.DruidDataSource   : create connection SQLException, url: jdbc:mysql://localhost:3306/logistics?serverTimezone=Asia/Shanghai&characterEncoding=UTF-8, errorCode 1045, state 28000

java.sql.SQLException: Access denied for user '肖泽生'@'localhost' (using password: NO)
	at com.mysql.cj.jdbc.exceptions.SQLError.createSQLException(SQLError.java:130) ~[mysql-connector-j-8.0.33.jar:8.0.33]
	at com.mysql.cj.jdbc.exceptions.SQLExceptionsMapping.translateException(SQLExceptionsMapping.java:122) ~[mysql-connector-j-8.0.33.jar:8.0.33]
	at com.mysql.cj.jdbc.ConnectionImpl.createNewIO(ConnectionImpl.java:825) ~[mysql-connector-j-8.0.33.jar:8.0.33]
	at com.mysql.cj.jdbc.ConnectionImpl.<init>(ConnectionImpl.java:446) ~[mysql-connector-j-8.0.33.jar:8.0.33]
	at com.mysql.cj.jdbc.ConnectionImpl.getInstance(ConnectionImpl.java:239) ~[mysql-connector-j-8.0.33.jar:8.0.33]
	at com.mysql.cj.jdbc.NonRegisteringDriver.connect(NonRegisteringDriver.java:188) ~[mysql-connector-j-8.0.33.jar:8.0.33]
	at com.alibaba.druid.filter.FilterChainImpl.connection_connect(FilterChainImpl.java:118) ~[druid-1.2.18.jar:na]
	at com.alibaba.druid.filter.FilterAdapter.connection_connect(FilterAdapter.java:764) ~[druid-1.2.18.jar:na]
	at com.alibaba.druid.filter.FilterChainImpl.connection_connect(FilterChainImpl.java:112) ~[druid-1.2.18.jar:na]
	at com.alibaba.druid.filter.stat.StatFilter.connection_connect(StatFilter.java:232) ~[druid-1.2.18.jar:na]
	at com.alibaba.druid.filter.FilterChainImpl.connection_connect(FilterChainImpl.java:112) ~[druid-1.2.18.jar:na]
	at com.alibaba.druid.pool.DruidAbstractDataSource.createPhysicalConnection(DruidAbstractDataSource.java:1694) ~[druid-1.2.18.jar:na]
	at com.alibaba.druid.pool.DruidAbstractDataSource.createPhysicalConnection(DruidAbstractDataSource.java:1789) ~[druid-1.2.18.jar:na]
	at com.alibaba.druid.pool.DruidDataSource$CreateConnectionThread.run(DruidDataSource.java:2942) ~[druid-1.2.18.jar:na]

2025-10-16T14:40:33.251+08:00 ERROR 18568 --- [Druid-ConnectionPool-Create-1348045338] com.alibaba.druid.pool.DruidDataSource   : create connection SQLException, url: jdbc:mysql://localhost:3306/logistics?serverTimezone=Asia/Shanghai&characterEncoding=UTF-8, errorCode 1045, state 28000

java.sql.SQLException: Access denied for user '肖泽生'@'localhost' (using password: NO)
	at com.mysql.cj.jdbc.exceptions.SQLError.createSQLException(SQLError.java:130) ~[mysql-connector-j-8.0.33.jar:8.0.33]
	at com.mysql.cj.jdbc.exceptions.SQLExceptionsMapping.translateException(SQLExceptionsMapping.java:122) ~[mysql-connector-j-8.0.33.jar:8.0.33]
	at com.mysql.cj.jdbc.ConnectionImpl.createNewIO(ConnectionImpl.java:825) ~[mysql-connector-j-8.0.33.jar:8.0.33]
	at com.mysql.cj.jdbc.ConnectionImpl.<init>(ConnectionImpl.java:446) ~[mysql-connector-j-8.0.33.jar:8.0.33]
	at com.mysql.cj.jdbc.ConnectionImpl.getInstance(ConnectionImpl.java:239) ~[mysql-connector-j-8.0.33.jar:8.0.33]
	at com.mysql.cj.jdbc.NonRegisteringDriver.connect(NonRegisteringDriver.java:188) ~[mysql-connector-j-8.0.33.jar:8.0.33]
	at com.alibaba.druid.filter.FilterChainImpl.connection_connect(FilterChainImpl.java:118) ~[druid-1.2.18.jar:na]
	at com.alibaba.druid.filter.FilterAdapter.connection_connect(FilterAdapter.java:764) ~[druid-1.2.18.jar:na]
	at com.alibaba.druid.filter.FilterChainImpl.connection_connect(FilterChainImpl.java:112) ~[druid-1.2.18.jar:na]
	at com.alibaba.druid.filter.stat.StatFilter.connection_connect(StatFilter.java:232) ~[druid-1.2.18.jar:na]
	at com.alibaba.druid.filter.FilterChainImpl.connection_connect(FilterChainImpl.java:112) ~[druid-1.2.18.jar:na]
	at com.alibaba.druid.pool.DruidAbstractDataSource.createPhysicalConnection(DruidAbstractDataSource.java:1694) ~[druid-1.2.18.jar:na]
	at com.alibaba.druid.pool.DruidAbstractDataSource.createPhysicalConnection(DruidAbstractDataSource.java:1789) ~[druid-1.2.18.jar:na]
	at com.alibaba.druid.pool.DruidDataSource$CreateConnectionThread.run(DruidDataSource.java:2942) ~[druid-1.2.18.jar:na]

2025-10-16T14:40:33.781+08:00 ERROR 18568 --- [Druid-ConnectionPool-Create-1348045338] com.alibaba.druid.pool.DruidDataSource   : create connection SQLException, url: jdbc:mysql://localhost:3306/logistics?serverTimezone=Asia/Shanghai&characterEncoding=UTF-8, errorCode 1045, state 28000

java.sql.SQLException: Access denied for user '肖泽生'@'localhost' (using password: NO)
	at com.mysql.cj.jdbc.exceptions.SQLError.createSQLException(SQLError.java:130) ~[mysql-connector-j-8.0.33.jar:8.0.33]
	at com.mysql.cj.jdbc.exceptions.SQLExceptionsMapping.translateException(SQLExceptionsMapping.java:122) ~[mysql-connector-j-8.0.33.jar:8.0.33]
	at com.mysql.cj.jdbc.ConnectionImpl.createNewIO(ConnectionImpl.java:825) ~[mysql-connector-j-8.0.33.jar:8.0.33]
	at com.mysql.cj.jdbc.ConnectionImpl.<init>(ConnectionImpl.java:446) ~[mysql-connector-j-8.0.33.jar:8.0.33]
	at com.mysql.cj.jdbc.ConnectionImpl.getInstance(ConnectionImpl.java:239) ~[mysql-connector-j-8.0.33.jar:8.0.33]
	at com.mysql.cj.jdbc.NonRegisteringDriver.connect(NonRegisteringDriver.java:188) ~[mysql-connector-j-8.0.33.jar:8.0.33]
	at com.alibaba.druid.filter.FilterChainImpl.connection_connect(FilterChainImpl.java:118) ~[druid-1.2.18.jar:na]
	at com.alibaba.druid.filter.FilterAdapter.connection_connect(FilterAdapter.java:764) ~[druid-1.2.18.jar:na]
	at com.alibaba.druid.filter.FilterChainImpl.connection_connect(FilterChainImpl.java:112) ~[druid-1.2.18.jar:na]
	at com.alibaba.druid.filter.stat.StatFilter.connection_connect(StatFilter.java:232) ~[druid-1.2.18.jar:na]
	at com.alibaba.druid.filter.FilterChainImpl.connection_connect(FilterChainImpl.java:112) ~[druid-1.2.18.jar:na]
	at com.alibaba.druid.pool.DruidAbstractDataSource.createPhysicalConnection(DruidAbstractDataSource.java:1694) ~[druid-1.2.18.jar:na]
	at com.alibaba.druid.pool.DruidAbstractDataSource.createPhysicalConnection(DruidAbstractDataSource.java:1789) ~[druid-1.2.18.jar:na]
	at com.alibaba.druid.pool.DruidDataSource$CreateConnectionThread.run(DruidDataSource.java:2942) ~[druid-1.2.18.jar:na]

2025-10-16T14:40:34.311+08:00 ERROR 18568 --- [Druid-ConnectionPool-Create-1348045338] com.alibaba.druid.pool.DruidDataSource   : create connection SQLException, url: jdbc:mysql://localhost:3306/logistics?serverTimezone=Asia/Shanghai&characterEncoding=UTF-8, errorCode 1045, state 28000

java.sql.SQLException: Access denied for user '肖泽生'@'localhost' (using password: NO)
	at com.mysql.cj.jdbc.exceptions.SQLError.createSQLException(SQLError.java:130) ~[mysql-connector-j-8.0.33.jar:8.0.33]
	at com.mysql.cj.jdbc.exceptions.SQLExceptionsMapping.translateException(SQLExceptionsMapping.java:122) ~[mysql-connector-j-8.0.33.jar:8.0.33]
	at com.mysql.cj.jdbc.ConnectionImpl.createNewIO(ConnectionImpl.java:825) ~[mysql-connector-j-8.0.33.jar:8.0.33]
	at com.mysql.cj.jdbc.ConnectionImpl.<init>(ConnectionImpl.java:446) ~[mysql-connector-j-8.0.33.jar:8.0.33]
	at com.mysql.cj.jdbc.ConnectionImpl.getInstance(ConnectionImpl.java:239) ~[mysql-connector-j-8.0.33.jar:8.0.33]
	at com.mysql.cj.jdbc.NonRegisteringDriver.connect(NonRegisteringDriver.java:188) ~[mysql-connector-j-8.0.33.jar:8.0.33]
	at com.alibaba.druid.filter.FilterChainImpl.connection_connect(FilterChainImpl.java:118) ~[druid-1.2.18.jar:na]
	at com.alibaba.druid.filter.FilterAdapter.connection_connect(FilterAdapter.java:764) ~[druid-1.2.18.jar:na]
	at com.alibaba.druid.filter.FilterChainImpl.connection_connect(FilterChainImpl.java:112) ~[druid-1.2.18.jar:na]
	at com.alibaba.druid.filter.stat.StatFilter.connection_connect(StatFilter.java:232) ~[druid-1.2.18.jar:na]
	at com.alibaba.druid.filter.FilterChainImpl.connection_connect(FilterChainImpl.java:112) ~[druid-1.2.18.jar:na]
	at com.alibaba.druid.pool.DruidAbstractDataSource.createPhysicalConnection(DruidAbstractDataSource.java:1694) ~[druid-1.2.18.jar:na]
	at com.alibaba.druid.pool.DruidAbstractDataSource.createPhysicalConnection(DruidAbstractDataSource.java:1789) ~[druid-1.2.18.jar:na]
	at com.alibaba.druid.pool.DruidDataSource$CreateConnectionThread.run(DruidDataSource.java:2942) ~[druid-1.2.18.jar:na]

2025-10-16T14:40:34.839+08:00 ERROR 18568 --- [Druid-ConnectionPool-Create-1348045338] com.alibaba.druid.pool.DruidDataSource   : create connection SQLException, url: jdbc:mysql://localhost:3306/logistics?serverTimezone=Asia/Shanghai&characterEncoding=UTF-8, errorCode 1045, state 28000

java.sql.SQLException: Access denied for user '肖泽生'@'localhost' (using password: NO)
	at com.mysql.cj.jdbc.exceptions.SQLError.createSQLException(SQLError.java:130) ~[mysql-connector-j-8.0.33.jar:8.0.33]
	at com.mysql.cj.jdbc.exceptions.SQLExceptionsMapping.translateException(SQLExceptionsMapping.java:122) ~[mysql-connector-j-8.0.33.jar:8.0.33]
	at com.mysql.cj.jdbc.ConnectionImpl.createNewIO(ConnectionImpl.java:825) ~[mysql-connector-j-8.0.33.jar:8.0.33]
	at com.mysql.cj.jdbc.ConnectionImpl.<init>(ConnectionImpl.java:446) ~[mysql-connector-j-8.0.33.jar:8.0.33]
	at com.mysql.cj.jdbc.ConnectionImpl.getInstance(ConnectionImpl.java:239) ~[mysql-connector-j-8.0.33.jar:8.0.33]
	at com.mysql.cj.jdbc.NonRegisteringDriver.connect(NonRegisteringDriver.java:188) ~[mysql-connector-j-8.0.33.jar:8.0.33]
	at com.alibaba.druid.filter.FilterChainImpl.connection_connect(FilterChainImpl.java:118) ~[druid-1.2.18.jar:na]
	at com.alibaba.druid.filter.FilterAdapter.connection_connect(FilterAdapter.java:764) ~[druid-1.2.18.jar:na]
	at com.alibaba.druid.filter.FilterChainImpl.connection_connect(FilterChainImpl.java:112) ~[druid-1.2.18.jar:na]
	at com.alibaba.druid.filter.stat.StatFilter.connection_connect(StatFilter.java:232) ~[druid-1.2.18.jar:na]
	at com.alibaba.druid.filter.FilterChainImpl.connection_connect(FilterChainImpl.java:112) ~[druid-1.2.18.jar:na]
	at com.alibaba.druid.pool.DruidAbstractDataSource.createPhysicalConnection(DruidAbstractDataSource.java:1694) ~[druid-1.2.18.jar:na]
	at com.alibaba.druid.pool.DruidAbstractDataSource.createPhysicalConnection(DruidAbstractDataSource.java:1789) ~[druid-1.2.18.jar:na]
	at com.alibaba.druid.pool.DruidDataSource$CreateConnectionThread.run(DruidDataSource.java:2942) ~[druid-1.2.18.jar:na]

2025-10-16T14:40:35.367+08:00 ERROR 18568 --- [Druid-ConnectionPool-Create-1348045338] com.alibaba.druid.pool.DruidDataSource   : create connection SQLException, url: jdbc:mysql://localhost:3306/logistics?serverTimezone=Asia/Shanghai&characterEncoding=UTF-8, errorCode 1045, state 28000

java.sql.SQLException: Access denied for user '肖泽生'@'localhost' (using password: NO)
	at com.mysql.cj.jdbc.exceptions.SQLError.createSQLException(SQLError.java:130) ~[mysql-connector-j-8.0.33.jar:8.0.33]
	at com.mysql.cj.jdbc.exceptions.SQLExceptionsMapping.translateException(SQLExceptionsMapping.java:122) ~[mysql-connector-j-8.0.33.jar:8.0.33]
	at com.mysql.cj.jdbc.ConnectionImpl.createNewIO(ConnectionImpl.java:825) ~[mysql-connector-j-8.0.33.jar:8.0.33]
	at com.mysql.cj.jdbc.ConnectionImpl.<init>(ConnectionImpl.java:446) ~[mysql-connector-j-8.0.33.jar:8.0.33]
	at com.mysql.cj.jdbc.ConnectionImpl.getInstance(ConnectionImpl.java:239) ~[mysql-connector-j-8.0.33.jar:8.0.33]
	at com.mysql.cj.jdbc.NonRegisteringDriver.connect(NonRegisteringDriver.java:188) ~[mysql-connector-j-8.0.33.jar:8.0.33]
	at com.alibaba.druid.filter.FilterChainImpl.connection_connect(FilterChainImpl.java:118) ~[druid-1.2.18.jar:na]
	at com.alibaba.druid.filter.FilterAdapter.connection_connect(FilterAdapter.java:764) ~[druid-1.2.18.jar:na]
	at com.alibaba.druid.filter.FilterChainImpl.connection_connect(FilterChainImpl.java:112) ~[druid-1.2.18.jar:na]
	at com.alibaba.druid.filter.stat.StatFilter.connection_connect(StatFilter.java:232) ~[druid-1.2.18.jar:na]
	at com.alibaba.druid.filter.FilterChainImpl.connection_connect(FilterChainImpl.java:112) ~[druid-1.2.18.jar:na]
	at com.alibaba.druid.pool.DruidAbstractDataSource.createPhysicalConnection(DruidAbstractDataSource.java:1694) ~[druid-1.2.18.jar:na]
	at com.alibaba.druid.pool.DruidAbstractDataSource.createPhysicalConnection(DruidAbstractDataSource.java:1789) ~[druid-1.2.18.jar:na]
	at com.alibaba.druid.pool.DruidDataSource$CreateConnectionThread.run(DruidDataSource.java:2942) ~[druid-1.2.18.jar:na]

2025-10-16T14:40:35.889+08:00 ERROR 18568 --- [Druid-ConnectionPool-Create-1348045338] com.alibaba.druid.pool.DruidDataSource   : create connection SQLException, url: jdbc:mysql://localhost:3306/logistics?serverTimezone=Asia/Shanghai&characterEncoding=UTF-8, errorCode 1045, state 28000

java.sql.SQLException: Access denied for user '肖泽生'@'localhost' (using password: NO)
	at com.mysql.cj.jdbc.exceptions.SQLError.createSQLException(SQLError.java:130) ~[mysql-connector-j-8.0.33.jar:8.0.33]
	at com.mysql.cj.jdbc.exceptions.SQLExceptionsMapping.translateException(SQLExceptionsMapping.java:122) ~[mysql-connector-j-8.0.33.jar:8.0.33]
	at com.mysql.cj.jdbc.ConnectionImpl.createNewIO(ConnectionImpl.java:825) ~[mysql-connector-j-8.0.33.jar:8.0.33]
	at com.mysql.cj.jdbc.ConnectionImpl.<init>(ConnectionImpl.java:446) ~[mysql-connector-j-8.0.33.jar:8.0.33]
	at com.mysql.cj.jdbc.ConnectionImpl.getInstance(ConnectionImpl.java:239) ~[mysql-connector-j-8.0.33.jar:8.0.33]
	at com.mysql.cj.jdbc.NonRegisteringDriver.connect(NonRegisteringDriver.java:188) ~[mysql-connector-j-8.0.33.jar:8.0.33]
	at com.alibaba.druid.filter.FilterChainImpl.connection_connect(FilterChainImpl.java:118) ~[druid-1.2.18.jar:na]
	at com.alibaba.druid.filter.FilterAdapter.connection_connect(FilterAdapter.java:764) ~[druid-1.2.18.jar:na]
	at com.alibaba.druid.filter.FilterChainImpl.connection_connect(FilterChainImpl.java:112) ~[druid-1.2.18.jar:na]
	at com.alibaba.druid.filter.stat.StatFilter.connection_connect(StatFilter.java:232) ~[druid-1.2.18.jar:na]
	at com.alibaba.druid.filter.FilterChainImpl.connection_connect(FilterChainImpl.java:112) ~[druid-1.2.18.jar:na]
	at com.alibaba.druid.pool.DruidAbstractDataSource.createPhysicalConnection(DruidAbstractDataSource.java:1694) ~[druid-1.2.18.jar:na]
	at com.alibaba.druid.pool.DruidAbstractDataSource.createPhysicalConnection(DruidAbstractDataSource.java:1789) ~[druid-1.2.18.jar:na]
	at com.alibaba.druid.pool.DruidDataSource$CreateConnectionThread.run(DruidDataSource.java:2942) ~[druid-1.2.18.jar:na]

2025-10-16T14:40:36.418+08:00 ERROR 18568 --- [Druid-ConnectionPool-Create-1348045338] com.alibaba.druid.pool.DruidDataSource   : create connection SQLException, url: jdbc:mysql://localhost:3306/logistics?serverTimezone=Asia/Shanghai&characterEncoding=UTF-8, errorCode 1045, state 28000

java.sql.SQLException: Access denied for user '肖泽生'@'localhost' (using password: NO)
	at com.mysql.cj.jdbc.exceptions.SQLError.createSQLException(SQLError.java:130) ~[mysql-connector-j-8.0.33.jar:8.0.33]
	at com.mysql.cj.jdbc.exceptions.SQLExceptionsMapping.translateException(SQLExceptionsMapping.java:122) ~[mysql-connector-j-8.0.33.jar:8.0.33]
	at com.mysql.cj.jdbc.ConnectionImpl.createNewIO(ConnectionImpl.java:825) ~[mysql-connector-j-8.0.33.jar:8.0.33]
	at com.mysql.cj.jdbc.ConnectionImpl.<init>(ConnectionImpl.java:446) ~[mysql-connector-j-8.0.33.jar:8.0.33]
	at com.mysql.cj.jdbc.ConnectionImpl.getInstance(ConnectionImpl.java:239) ~[mysql-connector-j-8.0.33.jar:8.0.33]
	at com.mysql.cj.jdbc.NonRegisteringDriver.connect(NonRegisteringDriver.java:188) ~[mysql-connector-j-8.0.33.jar:8.0.33]
	at com.alibaba.druid.filter.FilterChainImpl.connection_connect(FilterChainImpl.java:118) ~[druid-1.2.18.jar:na]
	at com.alibaba.druid.filter.FilterAdapter.connection_connect(FilterAdapter.java:764) ~[druid-1.2.18.jar:na]
	at com.alibaba.druid.filter.FilterChainImpl.connection_connect(FilterChainImpl.java:112) ~[druid-1.2.18.jar:na]
	at com.alibaba.druid.filter.stat.StatFilter.connection_connect(StatFilter.java:232) ~[druid-1.2.18.jar:na]
	at com.alibaba.druid.filter.FilterChainImpl.connection_connect(FilterChainImpl.java:112) ~[druid-1.2.18.jar:na]
	at com.alibaba.druid.pool.DruidAbstractDataSource.createPhysicalConnection(DruidAbstractDataSource.java:1694) ~[druid-1.2.18.jar:na]
	at com.alibaba.druid.pool.DruidAbstractDataSource.createPhysicalConnection(DruidAbstractDataSource.java:1789) ~[druid-1.2.18.jar:na]
	at com.alibaba.druid.pool.DruidDataSource$CreateConnectionThread.run(DruidDataSource.java:2942) ~[druid-1.2.18.jar:na]

2025-10-16T14:40:36.944+08:00 ERROR 18568 --- [Druid-ConnectionPool-Create-1348045338] com.alibaba.druid.pool.DruidDataSource   : create connection SQLException, url: jdbc:mysql://localhost:3306/logistics?serverTimezone=Asia/Shanghai&characterEncoding=UTF-8, errorCode 1045, state 28000

java.sql.SQLException: Access denied for user '肖泽生'@'localhost' (using password: NO)
	at com.mysql.cj.jdbc.exceptions.SQLError.createSQLException(SQLError.java:130) ~[mysql-connector-j-8.0.33.jar:8.0.33]
	at com.mysql.cj.jdbc.exceptions.SQLExceptionsMapping.translateException(SQLExceptionsMapping.java:122) ~[mysql-connector-j-8.0.33.jar:8.0.33]
	at com.mysql.cj.jdbc.ConnectionImpl.createNewIO(ConnectionImpl.java:825) ~[mysql-connector-j-8.0.33.jar:8.0.33]
	at com.mysql.cj.jdbc.ConnectionImpl.<init>(ConnectionImpl.java:446) ~[mysql-connector-j-8.0.33.jar:8.0.33]
	at com.mysql.cj.jdbc.ConnectionImpl.getInstance(ConnectionImpl.java:239) ~[mysql-connector-j-8.0.33.jar:8.0.33]
	at com.mysql.cj.jdbc.NonRegisteringDriver.connect(NonRegisteringDriver.java:188) ~[mysql-connector-j-8.0.33.jar:8.0.33]
	at com.alibaba.druid.filter.FilterChainImpl.connection_connect(FilterChainImpl.java:118) ~[druid-1.2.18.jar:na]
	at com.alibaba.druid.filter.FilterAdapter.connection_connect(FilterAdapter.java:764) ~[druid-1.2.18.jar:na]
	at com.alibaba.druid.filter.FilterChainImpl.connection_connect(FilterChainImpl.java:112) ~[druid-1.2.18.jar:na]
	at com.alibaba.druid.filter.stat.StatFilter.connection_connect(StatFilter.java:232) ~[druid-1.2.18.jar:na]
	at com.alibaba.druid.filter.FilterChainImpl.connection_connect(FilterChainImpl.java:112) ~[druid-1.2.18.jar:na]
	at com.alibaba.druid.pool.DruidAbstractDataSource.createPhysicalConnection(DruidAbstractDataSource.java:1694) ~[druid-1.2.18.jar:na]
	at com.alibaba.druid.pool.DruidAbstractDataSource.createPhysicalConnection(DruidAbstractDataSource.java:1789) ~[druid-1.2.18.jar:na]
	at com.alibaba.druid.pool.DruidDataSource$CreateConnectionThread.run(DruidDataSource.java:2942) ~[druid-1.2.18.jar:na]

2025-10-16T14:40:37.471+08:00 ERROR 18568 --- [Druid-ConnectionPool-Create-1348045338] com.alibaba.druid.pool.DruidDataSource   : create connection SQLException, url: jdbc:mysql://localhost:3306/logistics?serverTimezone=Asia/Shanghai&characterEncoding=UTF-8, errorCode 1045, state 28000

java.sql.SQLException: Access denied for user '肖泽生'@'localhost' (using password: NO)
	at com.mysql.cj.jdbc.exceptions.SQLError.createSQLException(SQLError.java:130) ~[mysql-connector-j-8.0.33.jar:8.0.33]
	at com.mysql.cj.jdbc.exceptions.SQLExceptionsMapping.translateException(SQLExceptionsMapping.java:122) ~[mysql-connector-j-8.0.33.jar:8.0.33]
	at com.mysql.cj.jdbc.ConnectionImpl.createNewIO(ConnectionImpl.java:825) ~[mysql-connector-j-8.0.33.jar:8.0.33]
	at com.mysql.cj.jdbc.ConnectionImpl.<init>(ConnectionImpl.java:446) ~[mysql-connector-j-8.0.33.jar:8.0.33]
	at com.mysql.cj.jdbc.ConnectionImpl.getInstance(ConnectionImpl.java:239) ~[mysql-connector-j-8.0.33.jar:8.0.33]
	at com.mysql.cj.jdbc.NonRegisteringDriver.connect(NonRegisteringDriver.java:188) ~[mysql-connector-j-8.0.33.jar:8.0.33]
	at com.alibaba.druid.filter.FilterChainImpl.connection_connect(FilterChainImpl.java:118) ~[druid-1.2.18.jar:na]
	at com.alibaba.druid.filter.FilterAdapter.connection_connect(FilterAdapter.java:764) ~[druid-1.2.18.jar:na]
	at com.alibaba.druid.filter.FilterChainImpl.connection_connect(FilterChainImpl.java:112) ~[druid-1.2.18.jar:na]
	at com.alibaba.druid.filter.stat.StatFilter.connection_connect(StatFilter.java:232) ~[druid-1.2.18.jar:na]
	at com.alibaba.druid.filter.FilterChainImpl.connection_connect(FilterChainImpl.java:112) ~[druid-1.2.18.jar:na]
	at com.alibaba.druid.pool.DruidAbstractDataSource.createPhysicalConnection(DruidAbstractDataSource.java:1694) ~[druid-1.2.18.jar:na]
	at com.alibaba.druid.pool.DruidAbstractDataSource.createPhysicalConnection(DruidAbstractDataSource.java:1789) ~[druid-1.2.18.jar:na]
	at com.alibaba.druid.pool.DruidDataSource$CreateConnectionThread.run(DruidDataSource.java:2942) ~[druid-1.2.18.jar:na]

2025-10-16T14:40:38.001+08:00 ERROR 18568 --- [Druid-ConnectionPool-Create-1348045338] com.alibaba.druid.pool.DruidDataSource   : create connection SQLException, url: jdbc:mysql://localhost:3306/logistics?serverTimezone=Asia/Shanghai&characterEncoding=UTF-8, errorCode 1045, state 28000

java.sql.SQLException: Access denied for user '肖泽生'@'localhost' (using password: NO)
	at com.mysql.cj.jdbc.exceptions.SQLError.createSQLException(SQLError.java:130) ~[mysql-connector-j-8.0.33.jar:8.0.33]
	at com.mysql.cj.jdbc.exceptions.SQLExceptionsMapping.translateException(SQLExceptionsMapping.java:122) ~[mysql-connector-j-8.0.33.jar:8.0.33]
	at com.mysql.cj.jdbc.ConnectionImpl.createNewIO(ConnectionImpl.java:825) ~[mysql-connector-j-8.0.33.jar:8.0.33]
	at com.mysql.cj.jdbc.ConnectionImpl.<init>(ConnectionImpl.java:446) ~[mysql-connector-j-8.0.33.jar:8.0.33]
	at com.mysql.cj.jdbc.ConnectionImpl.getInstance(ConnectionImpl.java:239) ~[mysql-connector-j-8.0.33.jar:8.0.33]
	at com.mysql.cj.jdbc.NonRegisteringDriver.connect(NonRegisteringDriver.java:188) ~[mysql-connector-j-8.0.33.jar:8.0.33]
	at com.alibaba.druid.filter.FilterChainImpl.connection_connect(FilterChainImpl.java:118) ~[druid-1.2.18.jar:na]
	at com.alibaba.druid.filter.FilterAdapter.connection_connect(FilterAdapter.java:764) ~[druid-1.2.18.jar:na]
	at com.alibaba.druid.filter.FilterChainImpl.connection_connect(FilterChainImpl.java:112) ~[druid-1.2.18.jar:na]
	at com.alibaba.druid.filter.stat.StatFilter.connection_connect(StatFilter.java:232) ~[druid-1.2.18.jar:na]
	at com.alibaba.druid.filter.FilterChainImpl.connection_connect(FilterChainImpl.java:112) ~[druid-1.2.18.jar:na]
	at com.alibaba.druid.pool.DruidAbstractDataSource.createPhysicalConnection(DruidAbstractDataSource.java:1694) ~[druid-1.2.18.jar:na]
	at com.alibaba.druid.pool.DruidAbstractDataSource.createPhysicalConnection(DruidAbstractDataSource.java:1789) ~[druid-1.2.18.jar:na]
	at com.alibaba.druid.pool.DruidDataSource$CreateConnectionThread.run(DruidDataSource.java:2942) ~[druid-1.2.18.jar:na]

2025-10-16T14:40:38.534+08:00 ERROR 18568 --- [Druid-ConnectionPool-Create-1348045338] com.alibaba.druid.pool.DruidDataSource   : create connection SQLException, url: jdbc:mysql://localhost:3306/logistics?serverTimezone=Asia/Shanghai&characterEncoding=UTF-8, errorCode 1045, state 28000

java.sql.SQLException: Access denied for user '肖泽生'@'localhost' (using password: NO)
	at com.mysql.cj.jdbc.exceptions.SQLError.createSQLException(SQLError.java:130) ~[mysql-connector-j-8.0.33.jar:8.0.33]
	at com.mysql.cj.jdbc.exceptions.SQLExceptionsMapping.translateException(SQLExceptionsMapping.java:122) ~[mysql-connector-j-8.0.33.jar:8.0.33]
	at com.mysql.cj.jdbc.ConnectionImpl.createNewIO(ConnectionImpl.java:825) ~[mysql-connector-j-8.0.33.jar:8.0.33]
	at com.mysql.cj.jdbc.ConnectionImpl.<init>(ConnectionImpl.java:446) ~[mysql-connector-j-8.0.33.jar:8.0.33]
	at com.mysql.cj.jdbc.ConnectionImpl.getInstance(ConnectionImpl.java:239) ~[mysql-connector-j-8.0.33.jar:8.0.33]
	at com.mysql.cj.jdbc.NonRegisteringDriver.connect(NonRegisteringDriver.java:188) ~[mysql-connector-j-8.0.33.jar:8.0.33]
	at com.alibaba.druid.filter.FilterChainImpl.connection_connect(FilterChainImpl.java:118) ~[druid-1.2.18.jar:na]
	at com.alibaba.druid.filter.FilterAdapter.connection_connect(FilterAdapter.java:764) ~[druid-1.2.18.jar:na]
	at com.alibaba.druid.filter.FilterChainImpl.connection_connect(FilterChainImpl.java:112) ~[druid-1.2.18.jar:na]
	at com.alibaba.druid.filter.stat.StatFilter.connection_connect(StatFilter.java:232) ~[druid-1.2.18.jar:na]
	at com.alibaba.druid.filter.FilterChainImpl.connection_connect(FilterChainImpl.java:112) ~[druid-1.2.18.jar:na]
	at com.alibaba.druid.pool.DruidAbstractDataSource.createPhysicalConnection(DruidAbstractDataSource.java:1694) ~[druid-1.2.18.jar:na]
	at com.alibaba.druid.pool.DruidAbstractDataSource.createPhysicalConnection(DruidAbstractDataSource.java:1789) ~[druid-1.2.18.jar:na]
	at com.alibaba.druid.pool.DruidDataSource$CreateConnectionThread.run(DruidDataSource.java:2942) ~[druid-1.2.18.jar:na]

2025-10-16T14:40:39.061+08:00 ERROR 18568 --- [Druid-ConnectionPool-Create-1348045338] com.alibaba.druid.pool.DruidDataSource   : create connection SQLException, url: jdbc:mysql://localhost:3306/logistics?serverTimezone=Asia/Shanghai&characterEncoding=UTF-8, errorCode 1045, state 28000

java.sql.SQLException: Access denied for user '肖泽生'@'localhost' (using password: NO)
	at com.mysql.cj.jdbc.exceptions.SQLError.createSQLException(SQLError.java:130) ~[mysql-connector-j-8.0.33.jar:8.0.33]
	at com.mysql.cj.jdbc.exceptions.SQLExceptionsMapping.translateException(SQLExceptionsMapping.java:122) ~[mysql-connector-j-8.0.33.jar:8.0.33]
	at com.mysql.cj.jdbc.ConnectionImpl.createNewIO(ConnectionImpl.java:825) ~[mysql-connector-j-8.0.33.jar:8.0.33]
	at com.mysql.cj.jdbc.ConnectionImpl.<init>(ConnectionImpl.java:446) ~[mysql-connector-j-8.0.33.jar:8.0.33]
	at com.mysql.cj.jdbc.ConnectionImpl.getInstance(ConnectionImpl.java:239) ~[mysql-connector-j-8.0.33.jar:8.0.33]
	at com.mysql.cj.jdbc.NonRegisteringDriver.connect(NonRegisteringDriver.java:188) ~[mysql-connector-j-8.0.33.jar:8.0.33]
	at com.alibaba.druid.filter.FilterChainImpl.connection_connect(FilterChainImpl.java:118) ~[druid-1.2.18.jar:na]
	at com.alibaba.druid.filter.FilterAdapter.connection_connect(FilterAdapter.java:764) ~[druid-1.2.18.jar:na]
	at com.alibaba.druid.filter.FilterChainImpl.connection_connect(FilterChainImpl.java:112) ~[druid-1.2.18.jar:na]
	at com.alibaba.druid.filter.stat.StatFilter.connection_connect(StatFilter.java:232) ~[druid-1.2.18.jar:na]
	at com.alibaba.druid.filter.FilterChainImpl.connection_connect(FilterChainImpl.java:112) ~[druid-1.2.18.jar:na]
	at com.alibaba.druid.pool.DruidAbstractDataSource.createPhysicalConnection(DruidAbstractDataSource.java:1694) ~[druid-1.2.18.jar:na]
	at com.alibaba.druid.pool.DruidAbstractDataSource.createPhysicalConnection(DruidAbstractDataSource.java:1789) ~[druid-1.2.18.jar:na]
	at com.alibaba.druid.pool.DruidDataSource$CreateConnectionThread.run(DruidDataSource.java:2942) ~[druid-1.2.18.jar:na]

2025-10-16T14:40:39.590+08:00 ERROR 18568 --- [Druid-ConnectionPool-Create-1348045338] com.alibaba.druid.pool.DruidDataSource   : create connection SQLException, url: jdbc:mysql://localhost:3306/logistics?serverTimezone=Asia/Shanghai&characterEncoding=UTF-8, errorCode 1045, state 28000

java.sql.SQLException: Access denied for user '肖泽生'@'localhost' (using password: NO)
	at com.mysql.cj.jdbc.exceptions.SQLError.createSQLException(SQLError.java:130) ~[mysql-connector-j-8.0.33.jar:8.0.33]
	at com.mysql.cj.jdbc.exceptions.SQLExceptionsMapping.translateException(SQLExceptionsMapping.java:122) ~[mysql-connector-j-8.0.33.jar:8.0.33]
	at com.mysql.cj.jdbc.ConnectionImpl.createNewIO(ConnectionImpl.java:825) ~[mysql-connector-j-8.0.33.jar:8.0.33]
	at com.mysql.cj.jdbc.ConnectionImpl.<init>(ConnectionImpl.java:446) ~[mysql-connector-j-8.0.33.jar:8.0.33]
	at com.mysql.cj.jdbc.ConnectionImpl.getInstance(ConnectionImpl.java:239) ~[mysql-connector-j-8.0.33.jar:8.0.33]
	at com.mysql.cj.jdbc.NonRegisteringDriver.connect(NonRegisteringDriver.java:188) ~[mysql-connector-j-8.0.33.jar:8.0.33]
	at com.alibaba.druid.filter.FilterChainImpl.connection_connect(FilterChainImpl.java:118) ~[druid-1.2.18.jar:na]
	at com.alibaba.druid.filter.FilterAdapter.connection_connect(FilterAdapter.java:764) ~[druid-1.2.18.jar:na]
	at com.alibaba.druid.filter.FilterChainImpl.connection_connect(FilterChainImpl.java:112) ~[druid-1.2.18.jar:na]
	at com.alibaba.druid.filter.stat.StatFilter.connection_connect(StatFilter.java:232) ~[druid-1.2.18.jar:na]
	at com.alibaba.druid.filter.FilterChainImpl.connection_connect(FilterChainImpl.java:112) ~[druid-1.2.18.jar:na]
	at com.alibaba.druid.pool.DruidAbstractDataSource.createPhysicalConnection(DruidAbstractDataSource.java:1694) ~[druid-1.2.18.jar:na]
	at com.alibaba.druid.pool.DruidAbstractDataSource.createPhysicalConnection(DruidAbstractDataSource.java:1789) ~[druid-1.2.18.jar:na]
	at com.alibaba.druid.pool.DruidDataSource$CreateConnectionThread.run(DruidDataSource.java:2942) ~[druid-1.2.18.jar:na]

2025-10-16T14:40:40.113+08:00 ERROR 18568 --- [Druid-ConnectionPool-Create-1348045338] com.alibaba.druid.pool.DruidDataSource   : create connection SQLException, url: jdbc:mysql://localhost:3306/logistics?serverTimezone=Asia/Shanghai&characterEncoding=UTF-8, errorCode 1045, state 28000

java.sql.SQLException: Access denied for user '肖泽生'@'localhost' (using password: NO)
	at com.mysql.cj.jdbc.exceptions.SQLError.createSQLException(SQLError.java:130) ~[mysql-connector-j-8.0.33.jar:8.0.33]
	at com.mysql.cj.jdbc.exceptions.SQLExceptionsMapping.translateException(SQLExceptionsMapping.java:122) ~[mysql-connector-j-8.0.33.jar:8.0.33]
	at com.mysql.cj.jdbc.ConnectionImpl.createNewIO(ConnectionImpl.java:825) ~[mysql-connector-j-8.0.33.jar:8.0.33]
	at com.mysql.cj.jdbc.ConnectionImpl.<init>(ConnectionImpl.java:446) ~[mysql-connector-j-8.0.33.jar:8.0.33]
	at com.mysql.cj.jdbc.ConnectionImpl.getInstance(ConnectionImpl.java:239) ~[mysql-connector-j-8.0.33.jar:8.0.33]
	at com.mysql.cj.jdbc.NonRegisteringDriver.connect(NonRegisteringDriver.java:188) ~[mysql-connector-j-8.0.33.jar:8.0.33]
	at com.alibaba.druid.filter.FilterChainImpl.connection_connect(FilterChainImpl.java:118) ~[druid-1.2.18.jar:na]
	at com.alibaba.druid.filter.FilterAdapter.connection_connect(FilterAdapter.java:764) ~[druid-1.2.18.jar:na]
	at com.alibaba.druid.filter.FilterChainImpl.connection_connect(FilterChainImpl.java:112) ~[druid-1.2.18.jar:na]
	at com.alibaba.druid.filter.stat.StatFilter.connection_connect(StatFilter.java:232) ~[druid-1.2.18.jar:na]
	at com.alibaba.druid.filter.FilterChainImpl.connection_connect(FilterChainImpl.java:112) ~[druid-1.2.18.jar:na]
	at com.alibaba.druid.pool.DruidAbstractDataSource.createPhysicalConnection(DruidAbstractDataSource.java:1694) ~[druid-1.2.18.jar:na]
	at com.alibaba.druid.pool.DruidAbstractDataSource.createPhysicalConnection(DruidAbstractDataSource.java:1789) ~[druid-1.2.18.jar:na]
	at com.alibaba.druid.pool.DruidDataSource$CreateConnectionThread.run(DruidDataSource.java:2942) ~[druid-1.2.18.jar:na]

2025-10-16T14:40:40.633+08:00 ERROR 18568 --- [Druid-ConnectionPool-Create-1348045338] com.alibaba.druid.pool.DruidDataSource   : create connection SQLException, url: jdbc:mysql://localhost:3306/logistics?serverTimezone=Asia/Shanghai&characterEncoding=UTF-8, errorCode 1045, state 28000

java.sql.SQLException: Access denied for user '肖泽生'@'localhost' (using password: NO)
	at com.mysql.cj.jdbc.exceptions.SQLError.createSQLException(SQLError.java:130) ~[mysql-connector-j-8.0.33.jar:8.0.33]
	at com.mysql.cj.jdbc.exceptions.SQLExceptionsMapping.translateException(SQLExceptionsMapping.java:122) ~[mysql-connector-j-8.0.33.jar:8.0.33]
	at com.mysql.cj.jdbc.ConnectionImpl.createNewIO(ConnectionImpl.java:825) ~[mysql-connector-j-8.0.33.jar:8.0.33]
	at com.mysql.cj.jdbc.ConnectionImpl.<init>(ConnectionImpl.java:446) ~[mysql-connector-j-8.0.33.jar:8.0.33]
	at com.mysql.cj.jdbc.ConnectionImpl.getInstance(ConnectionImpl.java:239) ~[mysql-connector-j-8.0.33.jar:8.0.33]
	at com.mysql.cj.jdbc.NonRegisteringDriver.connect(NonRegisteringDriver.java:188) ~[mysql-connector-j-8.0.33.jar:8.0.33]
	at com.alibaba.druid.filter.FilterChainImpl.connection_connect(FilterChainImpl.java:118) ~[druid-1.2.18.jar:na]
	at com.alibaba.druid.filter.FilterAdapter.connection_connect(FilterAdapter.java:764) ~[druid-1.2.18.jar:na]
	at com.alibaba.druid.filter.FilterChainImpl.connection_connect(FilterChainImpl.java:112) ~[druid-1.2.18.jar:na]
	at com.alibaba.druid.filter.stat.StatFilter.connection_connect(StatFilter.java:232) ~[druid-1.2.18.jar:na]
	at com.alibaba.druid.filter.FilterChainImpl.connection_connect(FilterChainImpl.java:112) ~[druid-1.2.18.jar:na]
	at com.alibaba.druid.pool.DruidAbstractDataSource.createPhysicalConnection(DruidAbstractDataSource.java:1694) ~[druid-1.2.18.jar:na]
	at com.alibaba.druid.pool.DruidAbstractDataSource.createPhysicalConnection(DruidAbstractDataSource.java:1789) ~[druid-1.2.18.jar:na]
	at com.alibaba.druid.pool.DruidDataSource$CreateConnectionThread.run(DruidDataSource.java:2942) ~[druid-1.2.18.jar:na]

2025-10-16T14:40:41.161+08:00 ERROR 18568 --- [Druid-ConnectionPool-Create-1348045338] com.alibaba.druid.pool.DruidDataSource   : create connection SQLException, url: jdbc:mysql://localhost:3306/logistics?serverTimezone=Asia/Shanghai&characterEncoding=UTF-8, errorCode 1045, state 28000

java.sql.SQLException: Access denied for user '肖泽生'@'localhost' (using password: NO)
	at com.mysql.cj.jdbc.exceptions.SQLError.createSQLException(SQLError.java:130) ~[mysql-connector-j-8.0.33.jar:8.0.33]
	at com.mysql.cj.jdbc.exceptions.SQLExceptionsMapping.translateException(SQLExceptionsMapping.java:122) ~[mysql-connector-j-8.0.33.jar:8.0.33]
	at com.mysql.cj.jdbc.ConnectionImpl.createNewIO(ConnectionImpl.java:825) ~[mysql-connector-j-8.0.33.jar:8.0.33]
	at com.mysql.cj.jdbc.ConnectionImpl.<init>(ConnectionImpl.java:446) ~[mysql-connector-j-8.0.33.jar:8.0.33]
	at com.mysql.cj.jdbc.ConnectionImpl.getInstance(ConnectionImpl.java:239) ~[mysql-connector-j-8.0.33.jar:8.0.33]
	at com.mysql.cj.jdbc.NonRegisteringDriver.connect(NonRegisteringDriver.java:188) ~[mysql-connector-j-8.0.33.jar:8.0.33]
	at com.alibaba.druid.filter.FilterChainImpl.connection_connect(FilterChainImpl.java:118) ~[druid-1.2.18.jar:na]
	at com.alibaba.druid.filter.FilterAdapter.connection_connect(FilterAdapter.java:764) ~[druid-1.2.18.jar:na]
	at com.alibaba.druid.filter.FilterChainImpl.connection_connect(FilterChainImpl.java:112) ~[druid-1.2.18.jar:na]
	at com.alibaba.druid.filter.stat.StatFilter.connection_connect(StatFilter.java:232) ~[druid-1.2.18.jar:na]
	at com.alibaba.druid.filter.FilterChainImpl.connection_connect(FilterChainImpl.java:112) ~[druid-1.2.18.jar:na]
	at com.alibaba.druid.pool.DruidAbstractDataSource.createPhysicalConnection(DruidAbstractDataSource.java:1694) ~[druid-1.2.18.jar:na]
	at com.alibaba.druid.pool.DruidAbstractDataSource.createPhysicalConnection(DruidAbstractDataSource.java:1789) ~[druid-1.2.18.jar:na]
	at com.alibaba.druid.pool.DruidDataSource$CreateConnectionThread.run(DruidDataSource.java:2942) ~[druid-1.2.18.jar:na]

2025-10-16T14:40:41.688+08:00 ERROR 18568 --- [Druid-ConnectionPool-Create-1348045338] com.alibaba.druid.pool.DruidDataSource   : create connection SQLException, url: jdbc:mysql://localhost:3306/logistics?serverTimezone=Asia/Shanghai&characterEncoding=UTF-8, errorCode 1045, state 28000

java.sql.SQLException: Access denied for user '肖泽生'@'localhost' (using password: NO)
	at com.mysql.cj.jdbc.exceptions.SQLError.createSQLException(SQLError.java:130) ~[mysql-connector-j-8.0.33.jar:8.0.33]
	at com.mysql.cj.jdbc.exceptions.SQLExceptionsMapping.translateException(SQLExceptionsMapping.java:122) ~[mysql-connector-j-8.0.33.jar:8.0.33]
	at com.mysql.cj.jdbc.ConnectionImpl.createNewIO(ConnectionImpl.java:825) ~[mysql-connector-j-8.0.33.jar:8.0.33]
	at com.mysql.cj.jdbc.ConnectionImpl.<init>(ConnectionImpl.java:446) ~[mysql-connector-j-8.0.33.jar:8.0.33]
	at com.mysql.cj.jdbc.ConnectionImpl.getInstance(ConnectionImpl.java:239) ~[mysql-connector-j-8.0.33.jar:8.0.33]
	at com.mysql.cj.jdbc.NonRegisteringDriver.connect(NonRegisteringDriver.java:188) ~[mysql-connector-j-8.0.33.jar:8.0.33]
	at com.alibaba.druid.filter.FilterChainImpl.connection_connect(FilterChainImpl.java:118) ~[druid-1.2.18.jar:na]
	at com.alibaba.druid.filter.FilterAdapter.connection_connect(FilterAdapter.java:764) ~[druid-1.2.18.jar:na]
	at com.alibaba.druid.filter.FilterChainImpl.connection_connect(FilterChainImpl.java:112) ~[druid-1.2.18.jar:na]
	at com.alibaba.druid.filter.stat.StatFilter.connection_connect(StatFilter.java:232) ~[druid-1.2.18.jar:na]
	at com.alibaba.druid.filter.FilterChainImpl.connection_connect(FilterChainImpl.java:112) ~[druid-1.2.18.jar:na]
	at com.alibaba.druid.pool.DruidAbstractDataSource.createPhysicalConnection(DruidAbstractDataSource.java:1694) ~[druid-1.2.18.jar:na]
	at com.alibaba.druid.pool.DruidAbstractDataSource.createPhysicalConnection(DruidAbstractDataSource.java:1789) ~[druid-1.2.18.jar:na]
	at com.alibaba.druid.pool.DruidDataSource$CreateConnectionThread.run(DruidDataSource.java:2942) ~[druid-1.2.18.jar:na]

2025-10-16T14:40:42.206+08:00 ERROR 18568 --- [Druid-ConnectionPool-Create-1348045338] com.alibaba.druid.pool.DruidDataSource   : create connection SQLException, url: jdbc:mysql://localhost:3306/logistics?serverTimezone=Asia/Shanghai&characterEncoding=UTF-8, errorCode 1045, state 28000

java.sql.SQLException: Access denied for user '肖泽生'@'localhost' (using password: NO)
	at com.mysql.cj.jdbc.exceptions.SQLError.createSQLException(SQLError.java:130) ~[mysql-connector-j-8.0.33.jar:8.0.33]
	at com.mysql.cj.jdbc.exceptions.SQLExceptionsMapping.translateException(SQLExceptionsMapping.java:122) ~[mysql-connector-j-8.0.33.jar:8.0.33]
	at com.mysql.cj.jdbc.ConnectionImpl.createNewIO(ConnectionImpl.java:825) ~[mysql-connector-j-8.0.33.jar:8.0.33]
	at com.mysql.cj.jdbc.ConnectionImpl.<init>(ConnectionImpl.java:446) ~[mysql-connector-j-8.0.33.jar:8.0.33]
	at com.mysql.cj.jdbc.ConnectionImpl.getInstance(ConnectionImpl.java:239) ~[mysql-connector-j-8.0.33.jar:8.0.33]
	at com.mysql.cj.jdbc.NonRegisteringDriver.connect(NonRegisteringDriver.java:188) ~[mysql-connector-j-8.0.33.jar:8.0.33]
	at com.alibaba.druid.filter.FilterChainImpl.connection_connect(FilterChainImpl.java:118) ~[druid-1.2.18.jar:na]
	at com.alibaba.druid.filter.FilterAdapter.connection_connect(FilterAdapter.java:764) ~[druid-1.2.18.jar:na]
	at com.alibaba.druid.filter.FilterChainImpl.connection_connect(FilterChainImpl.java:112) ~[druid-1.2.18.jar:na]
	at com.alibaba.druid.filter.stat.StatFilter.connection_connect(StatFilter.java:232) ~[druid-1.2.18.jar:na]
	at com.alibaba.druid.filter.FilterChainImpl.connection_connect(FilterChainImpl.java:112) ~[druid-1.2.18.jar:na]
	at com.alibaba.druid.pool.DruidAbstractDataSource.createPhysicalConnection(DruidAbstractDataSource.java:1694) ~[druid-1.2.18.jar:na]
	at com.alibaba.druid.pool.DruidAbstractDataSource.createPhysicalConnection(DruidAbstractDataSource.java:1789) ~[druid-1.2.18.jar:na]
	at com.alibaba.druid.pool.DruidDataSource$CreateConnectionThread.run(DruidDataSource.java:2942) ~[druid-1.2.18.jar:na]

2025-10-16T14:40:42.733+08:00 ERROR 18568 --- [Druid-ConnectionPool-Create-1348045338] com.alibaba.druid.pool.DruidDataSource   : create connection SQLException, url: jdbc:mysql://localhost:3306/logistics?serverTimezone=Asia/Shanghai&characterEncoding=UTF-8, errorCode 1045, state 28000

java.sql.SQLException: Access denied for user '肖泽生'@'localhost' (using password: NO)
	at com.mysql.cj.jdbc.exceptions.SQLError.createSQLException(SQLError.java:130) ~[mysql-connector-j-8.0.33.jar:8.0.33]
	at com.mysql.cj.jdbc.exceptions.SQLExceptionsMapping.translateException(SQLExceptionsMapping.java:122) ~[mysql-connector-j-8.0.33.jar:8.0.33]
	at com.mysql.cj.jdbc.ConnectionImpl.createNewIO(ConnectionImpl.java:825) ~[mysql-connector-j-8.0.33.jar:8.0.33]
	at com.mysql.cj.jdbc.ConnectionImpl.<init>(ConnectionImpl.java:446) ~[mysql-connector-j-8.0.33.jar:8.0.33]
	at com.mysql.cj.jdbc.ConnectionImpl.getInstance(ConnectionImpl.java:239) ~[mysql-connector-j-8.0.33.jar:8.0.33]
	at com.mysql.cj.jdbc.NonRegisteringDriver.connect(NonRegisteringDriver.java:188) ~[mysql-connector-j-8.0.33.jar:8.0.33]
	at com.alibaba.druid.filter.FilterChainImpl.connection_connect(FilterChainImpl.java:118) ~[druid-1.2.18.jar:na]
	at com.alibaba.druid.filter.FilterAdapter.connection_connect(FilterAdapter.java:764) ~[druid-1.2.18.jar:na]
	at com.alibaba.druid.filter.FilterChainImpl.connection_connect(FilterChainImpl.java:112) ~[druid-1.2.18.jar:na]
	at com.alibaba.druid.filter.stat.StatFilter.connection_connect(StatFilter.java:232) ~[druid-1.2.18.jar:na]
	at com.alibaba.druid.filter.FilterChainImpl.connection_connect(FilterChainImpl.java:112) ~[druid-1.2.18.jar:na]
	at com.alibaba.druid.pool.DruidAbstractDataSource.createPhysicalConnection(DruidAbstractDataSource.java:1694) ~[druid-1.2.18.jar:na]
	at com.alibaba.druid.pool.DruidAbstractDataSource.createPhysicalConnection(DruidAbstractDataSource.java:1789) ~[druid-1.2.18.jar:na]
	at com.alibaba.druid.pool.DruidDataSource$CreateConnectionThread.run(DruidDataSource.java:2942) ~[druid-1.2.18.jar:na]

2025-10-16T14:40:43.259+08:00 ERROR 18568 --- [Druid-ConnectionPool-Create-1348045338] com.alibaba.druid.pool.DruidDataSource   : create connection SQLException, url: jdbc:mysql://localhost:3306/logistics?serverTimezone=Asia/Shanghai&characterEncoding=UTF-8, errorCode 1045, state 28000

java.sql.SQLException: Access denied for user '肖泽生'@'localhost' (using password: NO)
	at com.mysql.cj.jdbc.exceptions.SQLError.createSQLException(SQLError.java:130) ~[mysql-connector-j-8.0.33.jar:8.0.33]
	at com.mysql.cj.jdbc.exceptions.SQLExceptionsMapping.translateException(SQLExceptionsMapping.java:122) ~[mysql-connector-j-8.0.33.jar:8.0.33]
	at com.mysql.cj.jdbc.ConnectionImpl.createNewIO(ConnectionImpl.java:825) ~[mysql-connector-j-8.0.33.jar:8.0.33]
	at com.mysql.cj.jdbc.ConnectionImpl.<init>(ConnectionImpl.java:446) ~[mysql-connector-j-8.0.33.jar:8.0.33]
	at com.mysql.cj.jdbc.ConnectionImpl.getInstance(ConnectionImpl.java:239) ~[mysql-connector-j-8.0.33.jar:8.0.33]
	at com.mysql.cj.jdbc.NonRegisteringDriver.connect(NonRegisteringDriver.java:188) ~[mysql-connector-j-8.0.33.jar:8.0.33]
	at com.alibaba.druid.filter.FilterChainImpl.connection_connect(FilterChainImpl.java:118) ~[druid-1.2.18.jar:na]
	at com.alibaba.druid.filter.FilterAdapter.connection_connect(FilterAdapter.java:764) ~[druid-1.2.18.jar:na]
	at com.alibaba.druid.filter.FilterChainImpl.connection_connect(FilterChainImpl.java:112) ~[druid-1.2.18.jar:na]
	at com.alibaba.druid.filter.stat.StatFilter.connection_connect(StatFilter.java:232) ~[druid-1.2.18.jar:na]
	at com.alibaba.druid.filter.FilterChainImpl.connection_connect(FilterChainImpl.java:112) ~[druid-1.2.18.jar:na]
	at com.alibaba.druid.pool.DruidAbstractDataSource.createPhysicalConnection(DruidAbstractDataSource.java:1694) ~[druid-1.2.18.jar:na]
	at com.alibaba.druid.pool.DruidAbstractDataSource.createPhysicalConnection(DruidAbstractDataSource.java:1789) ~[druid-1.2.18.jar:na]
	at com.alibaba.druid.pool.DruidDataSource$CreateConnectionThread.run(DruidDataSource.java:2942) ~[druid-1.2.18.jar:na]

2025-10-16T14:40:43.787+08:00 ERROR 18568 --- [Druid-ConnectionPool-Create-1348045338] com.alibaba.druid.pool.DruidDataSource   : create connection SQLException, url: jdbc:mysql://localhost:3306/logistics?serverTimezone=Asia/Shanghai&characterEncoding=UTF-8, errorCode 1045, state 28000

java.sql.SQLException: Access denied for user '肖泽生'@'localhost' (using password: NO)
	at com.mysql.cj.jdbc.exceptions.SQLError.createSQLException(SQLError.java:130) ~[mysql-connector-j-8.0.33.jar:8.0.33]
	at com.mysql.cj.jdbc.exceptions.SQLExceptionsMapping.translateException(SQLExceptionsMapping.java:122) ~[mysql-connector-j-8.0.33.jar:8.0.33]
	at com.mysql.cj.jdbc.ConnectionImpl.createNewIO(ConnectionImpl.java:825) ~[mysql-connector-j-8.0.33.jar:8.0.33]
	at com.mysql.cj.jdbc.ConnectionImpl.<init>(ConnectionImpl.java:446) ~[mysql-connector-j-8.0.33.jar:8.0.33]
	at com.mysql.cj.jdbc.ConnectionImpl.getInstance(ConnectionImpl.java:239) ~[mysql-connector-j-8.0.33.jar:8.0.33]
	at com.mysql.cj.jdbc.NonRegisteringDriver.connect(NonRegisteringDriver.java:188) ~[mysql-connector-j-8.0.33.jar:8.0.33]
	at com.alibaba.druid.filter.FilterChainImpl.connection_connect(FilterChainImpl.java:118) ~[druid-1.2.18.jar:na]
	at com.alibaba.druid.filter.FilterAdapter.connection_connect(FilterAdapter.java:764) ~[druid-1.2.18.jar:na]
	at com.alibaba.druid.filter.FilterChainImpl.connection_connect(FilterChainImpl.java:112) ~[druid-1.2.18.jar:na]
	at com.alibaba.druid.filter.stat.StatFilter.connection_connect(StatFilter.java:232) ~[druid-1.2.18.jar:na]
	at com.alibaba.druid.filter.FilterChainImpl.connection_connect(FilterChainImpl.java:112) ~[druid-1.2.18.jar:na]
	at com.alibaba.druid.pool.DruidAbstractDataSource.createPhysicalConnection(DruidAbstractDataSource.java:1694) ~[druid-1.2.18.jar:na]
	at com.alibaba.druid.pool.DruidAbstractDataSource.createPhysicalConnection(DruidAbstractDataSource.java:1789) ~[druid-1.2.18.jar:na]
	at com.alibaba.druid.pool.DruidDataSource$CreateConnectionThread.run(DruidDataSource.java:2942) ~[druid-1.2.18.jar:na]

2025-10-16T14:40:44.312+08:00 ERROR 18568 --- [Druid-ConnectionPool-Create-1348045338] com.alibaba.druid.pool.DruidDataSource   : create connection SQLException, url: jdbc:mysql://localhost:3306/logistics?serverTimezone=Asia/Shanghai&characterEncoding=UTF-8, errorCode 1045, state 28000

java.sql.SQLException: Access denied for user '肖泽生'@'localhost' (using password: NO)
	at com.mysql.cj.jdbc.exceptions.SQLError.createSQLException(SQLError.java:130) ~[mysql-connector-j-8.0.33.jar:8.0.33]
	at com.mysql.cj.jdbc.exceptions.SQLExceptionsMapping.translateException(SQLExceptionsMapping.java:122) ~[mysql-connector-j-8.0.33.jar:8.0.33]
	at com.mysql.cj.jdbc.ConnectionImpl.createNewIO(ConnectionImpl.java:825) ~[mysql-connector-j-8.0.33.jar:8.0.33]
	at com.mysql.cj.jdbc.ConnectionImpl.<init>(ConnectionImpl.java:446) ~[mysql-connector-j-8.0.33.jar:8.0.33]
	at com.mysql.cj.jdbc.ConnectionImpl.getInstance(ConnectionImpl.java:239) ~[mysql-connector-j-8.0.33.jar:8.0.33]
	at com.mysql.cj.jdbc.NonRegisteringDriver.connect(NonRegisteringDriver.java:188) ~[mysql-connector-j-8.0.33.jar:8.0.33]
	at com.alibaba.druid.filter.FilterChainImpl.connection_connect(FilterChainImpl.java:118) ~[druid-1.2.18.jar:na]
	at com.alibaba.druid.filter.FilterAdapter.connection_connect(FilterAdapter.java:764) ~[druid-1.2.18.jar:na]
	at com.alibaba.druid.filter.FilterChainImpl.connection_connect(FilterChainImpl.java:112) ~[druid-1.2.18.jar:na]
	at com.alibaba.druid.filter.stat.StatFilter.connection_connect(StatFilter.java:232) ~[druid-1.2.18.jar:na]
	at com.alibaba.druid.filter.FilterChainImpl.connection_connect(FilterChainImpl.java:112) ~[druid-1.2.18.jar:na]
	at com.alibaba.druid.pool.DruidAbstractDataSource.createPhysicalConnection(DruidAbstractDataSource.java:1694) ~[druid-1.2.18.jar:na]
	at com.alibaba.druid.pool.DruidAbstractDataSource.createPhysicalConnection(DruidAbstractDataSource.java:1789) ~[druid-1.2.18.jar:na]
	at com.alibaba.druid.pool.DruidDataSource$CreateConnectionThread.run(DruidDataSource.java:2942) ~[druid-1.2.18.jar:na]

2025-10-16T14:40:44.843+08:00 ERROR 18568 --- [Druid-ConnectionPool-Create-1348045338] com.alibaba.druid.pool.DruidDataSource   : create connection SQLException, url: jdbc:mysql://localhost:3306/logistics?serverTimezone=Asia/Shanghai&characterEncoding=UTF-8, errorCode 1045, state 28000

java.sql.SQLException: Access denied for user '肖泽生'@'localhost' (using password: NO)
	at com.mysql.cj.jdbc.exceptions.SQLError.createSQLException(SQLError.java:130) ~[mysql-connector-j-8.0.33.jar:8.0.33]
	at com.mysql.cj.jdbc.exceptions.SQLExceptionsMapping.translateException(SQLExceptionsMapping.java:122) ~[mysql-connector-j-8.0.33.jar:8.0.33]
	at com.mysql.cj.jdbc.ConnectionImpl.createNewIO(ConnectionImpl.java:825) ~[mysql-connector-j-8.0.33.jar:8.0.33]
	at com.mysql.cj.jdbc.ConnectionImpl.<init>(ConnectionImpl.java:446) ~[mysql-connector-j-8.0.33.jar:8.0.33]
	at com.mysql.cj.jdbc.ConnectionImpl.getInstance(ConnectionImpl.java:239) ~[mysql-connector-j-8.0.33.jar:8.0.33]
	at com.mysql.cj.jdbc.NonRegisteringDriver.connect(NonRegisteringDriver.java:188) ~[mysql-connector-j-8.0.33.jar:8.0.33]
	at com.alibaba.druid.filter.FilterChainImpl.connection_connect(FilterChainImpl.java:118) ~[druid-1.2.18.jar:na]
	at com.alibaba.druid.filter.FilterAdapter.connection_connect(FilterAdapter.java:764) ~[druid-1.2.18.jar:na]
	at com.alibaba.druid.filter.FilterChainImpl.connection_connect(FilterChainImpl.java:112) ~[druid-1.2.18.jar:na]
	at com.alibaba.druid.filter.stat.StatFilter.connection_connect(StatFilter.java:232) ~[druid-1.2.18.jar:na]
	at com.alibaba.druid.filter.FilterChainImpl.connection_connect(FilterChainImpl.java:112) ~[druid-1.2.18.jar:na]
	at com.alibaba.druid.pool.DruidAbstractDataSource.createPhysicalConnection(DruidAbstractDataSource.java:1694) ~[druid-1.2.18.jar:na]
	at com.alibaba.druid.pool.DruidAbstractDataSource.createPhysicalConnection(DruidAbstractDataSource.java:1789) ~[druid-1.2.18.jar:na]
	at com.alibaba.druid.pool.DruidDataSource$CreateConnectionThread.run(DruidDataSource.java:2942) ~[druid-1.2.18.jar:na]

2025-10-16T14:40:45.368+08:00 ERROR 18568 --- [Druid-ConnectionPool-Create-1348045338] com.alibaba.druid.pool.DruidDataSource   : create connection SQLException, url: jdbc:mysql://localhost:3306/logistics?serverTimezone=Asia/Shanghai&characterEncoding=UTF-8, errorCode 1045, state 28000

java.sql.SQLException: Access denied for user '肖泽生'@'localhost' (using password: NO)
	at com.mysql.cj.jdbc.exceptions.SQLError.createSQLException(SQLError.java:130) ~[mysql-connector-j-8.0.33.jar:8.0.33]
	at com.mysql.cj.jdbc.exceptions.SQLExceptionsMapping.translateException(SQLExceptionsMapping.java:122) ~[mysql-connector-j-8.0.33.jar:8.0.33]
	at com.mysql.cj.jdbc.ConnectionImpl.createNewIO(ConnectionImpl.java:825) ~[mysql-connector-j-8.0.33.jar:8.0.33]
	at com.mysql.cj.jdbc.ConnectionImpl.<init>(ConnectionImpl.java:446) ~[mysql-connector-j-8.0.33.jar:8.0.33]
	at com.mysql.cj.jdbc.ConnectionImpl.getInstance(ConnectionImpl.java:239) ~[mysql-connector-j-8.0.33.jar:8.0.33]
	at com.mysql.cj.jdbc.NonRegisteringDriver.connect(NonRegisteringDriver.java:188) ~[mysql-connector-j-8.0.33.jar:8.0.33]
	at com.alibaba.druid.filter.FilterChainImpl.connection_connect(FilterChainImpl.java:118) ~[druid-1.2.18.jar:na]
	at com.alibaba.druid.filter.FilterAdapter.connection_connect(FilterAdapter.java:764) ~[druid-1.2.18.jar:na]
	at com.alibaba.druid.filter.FilterChainImpl.connection_connect(FilterChainImpl.java:112) ~[druid-1.2.18.jar:na]
	at com.alibaba.druid.filter.stat.StatFilter.connection_connect(StatFilter.java:232) ~[druid-1.2.18.jar:na]
	at com.alibaba.druid.filter.FilterChainImpl.connection_connect(FilterChainImpl.java:112) ~[druid-1.2.18.jar:na]
	at com.alibaba.druid.pool.DruidAbstractDataSource.createPhysicalConnection(DruidAbstractDataSource.java:1694) ~[druid-1.2.18.jar:na]
	at com.alibaba.druid.pool.DruidAbstractDataSource.createPhysicalConnection(DruidAbstractDataSource.java:1789) ~[druid-1.2.18.jar:na]
	at com.alibaba.druid.pool.DruidDataSource$CreateConnectionThread.run(DruidDataSource.java:2942) ~[druid-1.2.18.jar:na]

2025-10-16T14:40:45.894+08:00 ERROR 18568 --- [Druid-ConnectionPool-Create-1348045338] com.alibaba.druid.pool.DruidDataSource   : create connection SQLException, url: jdbc:mysql://localhost:3306/logistics?serverTimezone=Asia/Shanghai&characterEncoding=UTF-8, errorCode 1045, state 28000

java.sql.SQLException: Access denied for user '肖泽生'@'localhost' (using password: NO)
	at com.mysql.cj.jdbc.exceptions.SQLError.createSQLException(SQLError.java:130) ~[mysql-connector-j-8.0.33.jar:8.0.33]
	at com.mysql.cj.jdbc.exceptions.SQLExceptionsMapping.translateException(SQLExceptionsMapping.java:122) ~[mysql-connector-j-8.0.33.jar:8.0.33]
	at com.mysql.cj.jdbc.ConnectionImpl.createNewIO(ConnectionImpl.java:825) ~[mysql-connector-j-8.0.33.jar:8.0.33]
	at com.mysql.cj.jdbc.ConnectionImpl.<init>(ConnectionImpl.java:446) ~[mysql-connector-j-8.0.33.jar:8.0.33]
	at com.mysql.cj.jdbc.ConnectionImpl.getInstance(ConnectionImpl.java:239) ~[mysql-connector-j-8.0.33.jar:8.0.33]
	at com.mysql.cj.jdbc.NonRegisteringDriver.connect(NonRegisteringDriver.java:188) ~[mysql-connector-j-8.0.33.jar:8.0.33]
	at com.alibaba.druid.filter.FilterChainImpl.connection_connect(FilterChainImpl.java:118) ~[druid-1.2.18.jar:na]
	at com.alibaba.druid.filter.FilterAdapter.connection_connect(FilterAdapter.java:764) ~[druid-1.2.18.jar:na]
	at com.alibaba.druid.filter.FilterChainImpl.connection_connect(FilterChainImpl.java:112) ~[druid-1.2.18.jar:na]
	at com.alibaba.druid.filter.stat.StatFilter.connection_connect(StatFilter.java:232) ~[druid-1.2.18.jar:na]
	at com.alibaba.druid.filter.FilterChainImpl.connection_connect(FilterChainImpl.java:112) ~[druid-1.2.18.jar:na]
	at com.alibaba.druid.pool.DruidAbstractDataSource.createPhysicalConnection(DruidAbstractDataSource.java:1694) ~[druid-1.2.18.jar:na]
	at com.alibaba.druid.pool.DruidAbstractDataSource.createPhysicalConnection(DruidAbstractDataSource.java:1789) ~[druid-1.2.18.jar:na]
	at com.alibaba.druid.pool.DruidDataSource$CreateConnectionThread.run(DruidDataSource.java:2942) ~[druid-1.2.18.jar:na]

2025-10-16T14:40:46.424+08:00 ERROR 18568 --- [Druid-ConnectionPool-Create-1348045338] com.alibaba.druid.pool.DruidDataSource   : create connection SQLException, url: jdbc:mysql://localhost:3306/logistics?serverTimezone=Asia/Shanghai&characterEncoding=UTF-8, errorCode 1045, state 28000

java.sql.SQLException: Access denied for user '肖泽生'@'localhost' (using password: NO)
	at com.mysql.cj.jdbc.exceptions.SQLError.createSQLException(SQLError.java:130) ~[mysql-connector-j-8.0.33.jar:8.0.33]
	at com.mysql.cj.jdbc.exceptions.SQLExceptionsMapping.translateException(SQLExceptionsMapping.java:122) ~[mysql-connector-j-8.0.33.jar:8.0.33]
	at com.mysql.cj.jdbc.ConnectionImpl.createNewIO(ConnectionImpl.java:825) ~[mysql-connector-j-8.0.33.jar:8.0.33]
	at com.mysql.cj.jdbc.ConnectionImpl.<init>(ConnectionImpl.java:446) ~[mysql-connector-j-8.0.33.jar:8.0.33]
	at com.mysql.cj.jdbc.ConnectionImpl.getInstance(ConnectionImpl.java:239) ~[mysql-connector-j-8.0.33.jar:8.0.33]
	at com.mysql.cj.jdbc.NonRegisteringDriver.connect(NonRegisteringDriver.java:188) ~[mysql-connector-j-8.0.33.jar:8.0.33]
	at com.alibaba.druid.filter.FilterChainImpl.connection_connect(FilterChainImpl.java:118) ~[druid-1.2.18.jar:na]
	at com.alibaba.druid.filter.FilterAdapter.connection_connect(FilterAdapter.java:764) ~[druid-1.2.18.jar:na]
	at com.alibaba.druid.filter.FilterChainImpl.connection_connect(FilterChainImpl.java:112) ~[druid-1.2.18.jar:na]
	at com.alibaba.druid.filter.stat.StatFilter.connection_connect(StatFilter.java:232) ~[druid-1.2.18.jar:na]
	at com.alibaba.druid.filter.FilterChainImpl.connection_connect(FilterChainImpl.java:112) ~[druid-1.2.18.jar:na]
	at com.alibaba.druid.pool.DruidAbstractDataSource.createPhysicalConnection(DruidAbstractDataSource.java:1694) ~[druid-1.2.18.jar:na]
	at com.alibaba.druid.pool.DruidAbstractDataSource.createPhysicalConnection(DruidAbstractDataSource.java:1789) ~[druid-1.2.18.jar:na]
	at com.alibaba.druid.pool.DruidDataSource$CreateConnectionThread.run(DruidDataSource.java:2942) ~[druid-1.2.18.jar:na]

2025-10-16T14:40:46.949+08:00 ERROR 18568 --- [Druid-ConnectionPool-Create-1348045338] com.alibaba.druid.pool.DruidDataSource   : create connection SQLException, url: jdbc:mysql://localhost:3306/logistics?serverTimezone=Asia/Shanghai&characterEncoding=UTF-8, errorCode 1045, state 28000

java.sql.SQLException: Access denied for user '肖泽生'@'localhost' (using password: NO)
	at com.mysql.cj.jdbc.exceptions.SQLError.createSQLException(SQLError.java:130) ~[mysql-connector-j-8.0.33.jar:8.0.33]
	at com.mysql.cj.jdbc.exceptions.SQLExceptionsMapping.translateException(SQLExceptionsMapping.java:122) ~[mysql-connector-j-8.0.33.jar:8.0.33]
	at com.mysql.cj.jdbc.ConnectionImpl.createNewIO(ConnectionImpl.java:825) ~[mysql-connector-j-8.0.33.jar:8.0.33]
	at com.mysql.cj.jdbc.ConnectionImpl.<init>(ConnectionImpl.java:446) ~[mysql-connector-j-8.0.33.jar:8.0.33]
	at com.mysql.cj.jdbc.ConnectionImpl.getInstance(ConnectionImpl.java:239) ~[mysql-connector-j-8.0.33.jar:8.0.33]
	at com.mysql.cj.jdbc.NonRegisteringDriver.connect(NonRegisteringDriver.java:188) ~[mysql-connector-j-8.0.33.jar:8.0.33]
	at com.alibaba.druid.filter.FilterChainImpl.connection_connect(FilterChainImpl.java:118) ~[druid-1.2.18.jar:na]
	at com.alibaba.druid.filter.FilterAdapter.connection_connect(FilterAdapter.java:764) ~[druid-1.2.18.jar:na]
	at com.alibaba.druid.filter.FilterChainImpl.connection_connect(FilterChainImpl.java:112) ~[druid-1.2.18.jar:na]
	at com.alibaba.druid.filter.stat.StatFilter.connection_connect(StatFilter.java:232) ~[druid-1.2.18.jar:na]
	at com.alibaba.druid.filter.FilterChainImpl.connection_connect(FilterChainImpl.java:112) ~[druid-1.2.18.jar:na]
	at com.alibaba.druid.pool.DruidAbstractDataSource.createPhysicalConnection(DruidAbstractDataSource.java:1694) ~[druid-1.2.18.jar:na]
	at com.alibaba.druid.pool.DruidAbstractDataSource.createPhysicalConnection(DruidAbstractDataSource.java:1789) ~[druid-1.2.18.jar:na]
	at com.alibaba.druid.pool.DruidDataSource$CreateConnectionThread.run(DruidDataSource.java:2942) ~[druid-1.2.18.jar:na]

2025-10-16T14:40:47.476+08:00 ERROR 18568 --- [Druid-ConnectionPool-Create-1348045338] com.alibaba.druid.pool.DruidDataSource   : create connection SQLException, url: jdbc:mysql://localhost:3306/logistics?serverTimezone=Asia/Shanghai&characterEncoding=UTF-8, errorCode 1045, state 28000

java.sql.SQLException: Access denied for user '肖泽生'@'localhost' (using password: NO)
	at com.mysql.cj.jdbc.exceptions.SQLError.createSQLException(SQLError.java:130) ~[mysql-connector-j-8.0.33.jar:8.0.33]
	at com.mysql.cj.jdbc.exceptions.SQLExceptionsMapping.translateException(SQLExceptionsMapping.java:122) ~[mysql-connector-j-8.0.33.jar:8.0.33]
	at com.mysql.cj.jdbc.ConnectionImpl.createNewIO(ConnectionImpl.java:825) ~[mysql-connector-j-8.0.33.jar:8.0.33]
	at com.mysql.cj.jdbc.ConnectionImpl.<init>(ConnectionImpl.java:446) ~[mysql-connector-j-8.0.33.jar:8.0.33]
	at com.mysql.cj.jdbc.ConnectionImpl.getInstance(ConnectionImpl.java:239) ~[mysql-connector-j-8.0.33.jar:8.0.33]
	at com.mysql.cj.jdbc.NonRegisteringDriver.connect(NonRegisteringDriver.java:188) ~[mysql-connector-j-8.0.33.jar:8.0.33]
	at com.alibaba.druid.filter.FilterChainImpl.connection_connect(FilterChainImpl.java:118) ~[druid-1.2.18.jar:na]
	at com.alibaba.druid.filter.FilterAdapter.connection_connect(FilterAdapter.java:764) ~[druid-1.2.18.jar:na]
	at com.alibaba.druid.filter.FilterChainImpl.connection_connect(FilterChainImpl.java:112) ~[druid-1.2.18.jar:na]
	at com.alibaba.druid.filter.stat.StatFilter.connection_connect(StatFilter.java:232) ~[druid-1.2.18.jar:na]
	at com.alibaba.druid.filter.FilterChainImpl.connection_connect(FilterChainImpl.java:112) ~[druid-1.2.18.jar:na]
	at com.alibaba.druid.pool.DruidAbstractDataSource.createPhysicalConnection(DruidAbstractDataSource.java:1694) ~[druid-1.2.18.jar:na]
	at com.alibaba.druid.pool.DruidAbstractDataSource.createPhysicalConnection(DruidAbstractDataSource.java:1789) ~[druid-1.2.18.jar:na]
	at com.alibaba.druid.pool.DruidDataSource$CreateConnectionThread.run(DruidDataSource.java:2942) ~[druid-1.2.18.jar:na]

2025-10-16T14:40:48.000+08:00 ERROR 18568 --- [Druid-ConnectionPool-Create-1348045338] com.alibaba.druid.pool.DruidDataSource   : create connection SQLException, url: jdbc:mysql://localhost:3306/logistics?serverTimezone=Asia/Shanghai&characterEncoding=UTF-8, errorCode 1045, state 28000

java.sql.SQLException: Access denied for user '肖泽生'@'localhost' (using password: NO)
	at com.mysql.cj.jdbc.exceptions.SQLError.createSQLException(SQLError.java:130) ~[mysql-connector-j-8.0.33.jar:8.0.33]
	at com.mysql.cj.jdbc.exceptions.SQLExceptionsMapping.translateException(SQLExceptionsMapping.java:122) ~[mysql-connector-j-8.0.33.jar:8.0.33]
	at com.mysql.cj.jdbc.ConnectionImpl.createNewIO(ConnectionImpl.java:825) ~[mysql-connector-j-8.0.33.jar:8.0.33]
	at com.mysql.cj.jdbc.ConnectionImpl.<init>(ConnectionImpl.java:446) ~[mysql-connector-j-8.0.33.jar:8.0.33]
	at com.mysql.cj.jdbc.ConnectionImpl.getInstance(ConnectionImpl.java:239) ~[mysql-connector-j-8.0.33.jar:8.0.33]
	at com.mysql.cj.jdbc.NonRegisteringDriver.connect(NonRegisteringDriver.java:188) ~[mysql-connector-j-8.0.33.jar:8.0.33]
	at com.alibaba.druid.filter.FilterChainImpl.connection_connect(FilterChainImpl.java:118) ~[druid-1.2.18.jar:na]
	at com.alibaba.druid.filter.FilterAdapter.connection_connect(FilterAdapter.java:764) ~[druid-1.2.18.jar:na]
	at com.alibaba.druid.filter.FilterChainImpl.connection_connect(FilterChainImpl.java:112) ~[druid-1.2.18.jar:na]
	at com.alibaba.druid.filter.stat.StatFilter.connection_connect(StatFilter.java:232) ~[druid-1.2.18.jar:na]
	at com.alibaba.druid.filter.FilterChainImpl.connection_connect(FilterChainImpl.java:112) ~[druid-1.2.18.jar:na]
	at com.alibaba.druid.pool.DruidAbstractDataSource.createPhysicalConnection(DruidAbstractDataSource.java:1694) ~[druid-1.2.18.jar:na]
	at com.alibaba.druid.pool.DruidAbstractDataSource.createPhysicalConnection(DruidAbstractDataSource.java:1789) ~[druid-1.2.18.jar:na]
	at com.alibaba.druid.pool.DruidDataSource$CreateConnectionThread.run(DruidDataSource.java:2942) ~[druid-1.2.18.jar:na]

2025-10-16T14:40:48.526+08:00 ERROR 18568 --- [Druid-ConnectionPool-Create-1348045338] com.alibaba.druid.pool.DruidDataSource   : create connection SQLException, url: jdbc:mysql://localhost:3306/logistics?serverTimezone=Asia/Shanghai&characterEncoding=UTF-8, errorCode 1045, state 28000

java.sql.SQLException: Access denied for user '肖泽生'@'localhost' (using password: NO)
	at com.mysql.cj.jdbc.exceptions.SQLError.createSQLException(SQLError.java:130) ~[mysql-connector-j-8.0.33.jar:8.0.33]
	at com.mysql.cj.jdbc.exceptions.SQLExceptionsMapping.translateException(SQLExceptionsMapping.java:122) ~[mysql-connector-j-8.0.33.jar:8.0.33]
	at com.mysql.cj.jdbc.ConnectionImpl.createNewIO(ConnectionImpl.java:825) ~[mysql-connector-j-8.0.33.jar:8.0.33]
	at com.mysql.cj.jdbc.ConnectionImpl.<init>(ConnectionImpl.java:446) ~[mysql-connector-j-8.0.33.jar:8.0.33]
	at com.mysql.cj.jdbc.ConnectionImpl.getInstance(ConnectionImpl.java:239) ~[mysql-connector-j-8.0.33.jar:8.0.33]
	at com.mysql.cj.jdbc.NonRegisteringDriver.connect(NonRegisteringDriver.java:188) ~[mysql-connector-j-8.0.33.jar:8.0.33]
	at com.alibaba.druid.filter.FilterChainImpl.connection_connect(FilterChainImpl.java:118) ~[druid-1.2.18.jar:na]
	at com.alibaba.druid.filter.FilterAdapter.connection_connect(FilterAdapter.java:764) ~[druid-1.2.18.jar:na]
	at com.alibaba.druid.filter.FilterChainImpl.connection_connect(FilterChainImpl.java:112) ~[druid-1.2.18.jar:na]
	at com.alibaba.druid.filter.stat.StatFilter.connection_connect(StatFilter.java:232) ~[druid-1.2.18.jar:na]
	at com.alibaba.druid.filter.FilterChainImpl.connection_connect(FilterChainImpl.java:112) ~[druid-1.2.18.jar:na]
	at com.alibaba.druid.pool.DruidAbstractDataSource.createPhysicalConnection(DruidAbstractDataSource.java:1694) ~[druid-1.2.18.jar:na]
	at com.alibaba.druid.pool.DruidAbstractDataSource.createPhysicalConnection(DruidAbstractDataSource.java:1789) ~[druid-1.2.18.jar:na]
	at com.alibaba.druid.pool.DruidDataSource$CreateConnectionThread.run(DruidDataSource.java:2942) ~[druid-1.2.18.jar:na]

2025-10-16T14:40:49.051+08:00 ERROR 18568 --- [Druid-ConnectionPool-Create-1348045338] com.alibaba.druid.pool.DruidDataSource   : create connection SQLException, url: jdbc:mysql://localhost:3306/logistics?serverTimezone=Asia/Shanghai&characterEncoding=UTF-8, errorCode 1045, state 28000

java.sql.SQLException: Access denied for user '肖泽生'@'localhost' (using password: NO)
	at com.mysql.cj.jdbc.exceptions.SQLError.createSQLException(SQLError.java:130) ~[mysql-connector-j-8.0.33.jar:8.0.33]
	at com.mysql.cj.jdbc.exceptions.SQLExceptionsMapping.translateException(SQLExceptionsMapping.java:122) ~[mysql-connector-j-8.0.33.jar:8.0.33]
	at com.mysql.cj.jdbc.ConnectionImpl.createNewIO(ConnectionImpl.java:825) ~[mysql-connector-j-8.0.33.jar:8.0.33]
	at com.mysql.cj.jdbc.ConnectionImpl.<init>(ConnectionImpl.java:446) ~[mysql-connector-j-8.0.33.jar:8.0.33]
	at com.mysql.cj.jdbc.ConnectionImpl.getInstance(ConnectionImpl.java:239) ~[mysql-connector-j-8.0.33.jar:8.0.33]
	at com.mysql.cj.jdbc.NonRegisteringDriver.connect(NonRegisteringDriver.java:188) ~[mysql-connector-j-8.0.33.jar:8.0.33]
	at com.alibaba.druid.filter.FilterChainImpl.connection_connect(FilterChainImpl.java:118) ~[druid-1.2.18.jar:na]
	at com.alibaba.druid.filter.FilterAdapter.connection_connect(FilterAdapter.java:764) ~[druid-1.2.18.jar:na]
	at com.alibaba.druid.filter.FilterChainImpl.connection_connect(FilterChainImpl.java:112) ~[druid-1.2.18.jar:na]
	at com.alibaba.druid.filter.stat.StatFilter.connection_connect(StatFilter.java:232) ~[druid-1.2.18.jar:na]
	at com.alibaba.druid.filter.FilterChainImpl.connection_connect(FilterChainImpl.java:112) ~[druid-1.2.18.jar:na]
	at com.alibaba.druid.pool.DruidAbstractDataSource.createPhysicalConnection(DruidAbstractDataSource.java:1694) ~[druid-1.2.18.jar:na]
	at com.alibaba.druid.pool.DruidAbstractDataSource.createPhysicalConnection(DruidAbstractDataSource.java:1789) ~[druid-1.2.18.jar:na]
	at com.alibaba.druid.pool.DruidDataSource$CreateConnectionThread.run(DruidDataSource.java:2942) ~[druid-1.2.18.jar:na]

2025-10-16T14:40:49.573+08:00 ERROR 18568 --- [Druid-ConnectionPool-Create-1348045338] com.alibaba.druid.pool.DruidDataSource   : create connection SQLException, url: jdbc:mysql://localhost:3306/logistics?serverTimezone=Asia/Shanghai&characterEncoding=UTF-8, errorCode 1045, state 28000

java.sql.SQLException: Access denied for user '肖泽生'@'localhost' (using password: NO)
	at com.mysql.cj.jdbc.exceptions.SQLError.createSQLException(SQLError.java:130) ~[mysql-connector-j-8.0.33.jar:8.0.33]
	at com.mysql.cj.jdbc.exceptions.SQLExceptionsMapping.translateException(SQLExceptionsMapping.java:122) ~[mysql-connector-j-8.0.33.jar:8.0.33]
	at com.mysql.cj.jdbc.ConnectionImpl.createNewIO(ConnectionImpl.java:825) ~[mysql-connector-j-8.0.33.jar:8.0.33]
	at com.mysql.cj.jdbc.ConnectionImpl.<init>(ConnectionImpl.java:446) ~[mysql-connector-j-8.0.33.jar:8.0.33]
	at com.mysql.cj.jdbc.ConnectionImpl.getInstance(ConnectionImpl.java:239) ~[mysql-connector-j-8.0.33.jar:8.0.33]
	at com.mysql.cj.jdbc.NonRegisteringDriver.connect(NonRegisteringDriver.java:188) ~[mysql-connector-j-8.0.33.jar:8.0.33]
	at com.alibaba.druid.filter.FilterChainImpl.connection_connect(FilterChainImpl.java:118) ~[druid-1.2.18.jar:na]
	at com.alibaba.druid.filter.FilterAdapter.connection_connect(FilterAdapter.java:764) ~[druid-1.2.18.jar:na]
	at com.alibaba.druid.filter.FilterChainImpl.connection_connect(FilterChainImpl.java:112) ~[druid-1.2.18.jar:na]
	at com.alibaba.druid.filter.stat.StatFilter.connection_connect(StatFilter.java:232) ~[druid-1.2.18.jar:na]
	at com.alibaba.druid.filter.FilterChainImpl.connection_connect(FilterChainImpl.java:112) ~[druid-1.2.18.jar:na]
	at com.alibaba.druid.pool.DruidAbstractDataSource.createPhysicalConnection(DruidAbstractDataSource.java:1694) ~[druid-1.2.18.jar:na]
	at com.alibaba.druid.pool.DruidAbstractDataSource.createPhysicalConnection(DruidAbstractDataSource.java:1789) ~[druid-1.2.18.jar:na]
	at com.alibaba.druid.pool.DruidDataSource$CreateConnectionThread.run(DruidDataSource.java:2942) ~[druid-1.2.18.jar:na]

2025-10-16T14:40:50.096+08:00 ERROR 18568 --- [Druid-ConnectionPool-Create-1348045338] com.alibaba.druid.pool.DruidDataSource   : create connection SQLException, url: jdbc:mysql://localhost:3306/logistics?serverTimezone=Asia/Shanghai&characterEncoding=UTF-8, errorCode 1045, state 28000

java.sql.SQLException: Access denied for user '肖泽生'@'localhost' (using password: NO)
	at com.mysql.cj.jdbc.exceptions.SQLError.createSQLException(SQLError.java:130) ~[mysql-connector-j-8.0.33.jar:8.0.33]
	at com.mysql.cj.jdbc.exceptions.SQLExceptionsMapping.translateException(SQLExceptionsMapping.java:122) ~[mysql-connector-j-8.0.33.jar:8.0.33]
	at com.mysql.cj.jdbc.ConnectionImpl.createNewIO(ConnectionImpl.java:825) ~[mysql-connector-j-8.0.33.jar:8.0.33]
	at com.mysql.cj.jdbc.ConnectionImpl.<init>(ConnectionImpl.java:446) ~[mysql-connector-j-8.0.33.jar:8.0.33]
	at com.mysql.cj.jdbc.ConnectionImpl.getInstance(ConnectionImpl.java:239) ~[mysql-connector-j-8.0.33.jar:8.0.33]
	at com.mysql.cj.jdbc.NonRegisteringDriver.connect(NonRegisteringDriver.java:188) ~[mysql-connector-j-8.0.33.jar:8.0.33]
	at com.alibaba.druid.filter.FilterChainImpl.connection_connect(FilterChainImpl.java:118) ~[druid-1.2.18.jar:na]
	at com.alibaba.druid.filter.FilterAdapter.connection_connect(FilterAdapter.java:764) ~[druid-1.2.18.jar:na]
	at com.alibaba.druid.filter.FilterChainImpl.connection_connect(FilterChainImpl.java:112) ~[druid-1.2.18.jar:na]
	at com.alibaba.druid.filter.stat.StatFilter.connection_connect(StatFilter.java:232) ~[druid-1.2.18.jar:na]
	at com.alibaba.druid.filter.FilterChainImpl.connection_connect(FilterChainImpl.java:112) ~[druid-1.2.18.jar:na]
	at com.alibaba.druid.pool.DruidAbstractDataSource.createPhysicalConnection(DruidAbstractDataSource.java:1694) ~[druid-1.2.18.jar:na]
	at com.alibaba.druid.pool.DruidAbstractDataSource.createPhysicalConnection(DruidAbstractDataSource.java:1789) ~[druid-1.2.18.jar:na]
	at com.alibaba.druid.pool.DruidDataSource$CreateConnectionThread.run(DruidDataSource.java:2942) ~[druid-1.2.18.jar:na]

2025-10-16T14:40:50.633+08:00 ERROR 18568 --- [Druid-ConnectionPool-Create-1348045338] com.alibaba.druid.pool.DruidDataSource   : create connection SQLException, url: jdbc:mysql://localhost:3306/logistics?serverTimezone=Asia/Shanghai&characterEncoding=UTF-8, errorCode 1045, state 28000

java.sql.SQLException: Access denied for user '肖泽生'@'localhost' (using password: NO)
	at com.mysql.cj.jdbc.exceptions.SQLError.createSQLException(SQLError.java:130) ~[mysql-connector-j-8.0.33.jar:8.0.33]
	at com.mysql.cj.jdbc.exceptions.SQLExceptionsMapping.translateException(SQLExceptionsMapping.java:122) ~[mysql-connector-j-8.0.33.jar:8.0.33]
	at com.mysql.cj.jdbc.ConnectionImpl.createNewIO(ConnectionImpl.java:825) ~[mysql-connector-j-8.0.33.jar:8.0.33]
	at com.mysql.cj.jdbc.ConnectionImpl.<init>(ConnectionImpl.java:446) ~[mysql-connector-j-8.0.33.jar:8.0.33]
	at com.mysql.cj.jdbc.ConnectionImpl.getInstance(ConnectionImpl.java:239) ~[mysql-connector-j-8.0.33.jar:8.0.33]
	at com.mysql.cj.jdbc.NonRegisteringDriver.connect(NonRegisteringDriver.java:188) ~[mysql-connector-j-8.0.33.jar:8.0.33]
	at com.alibaba.druid.filter.FilterChainImpl.connection_connect(FilterChainImpl.java:118) ~[druid-1.2.18.jar:na]
	at com.alibaba.druid.filter.FilterAdapter.connection_connect(FilterAdapter.java:764) ~[druid-1.2.18.jar:na]
	at com.alibaba.druid.filter.FilterChainImpl.connection_connect(FilterChainImpl.java:112) ~[druid-1.2.18.jar:na]
	at com.alibaba.druid.filter.stat.StatFilter.connection_connect(StatFilter.java:232) ~[druid-1.2.18.jar:na]
	at com.alibaba.druid.filter.FilterChainImpl.connection_connect(FilterChainImpl.java:112) ~[druid-1.2.18.jar:na]
	at com.alibaba.druid.pool.DruidAbstractDataSource.createPhysicalConnection(DruidAbstractDataSource.java:1694) ~[druid-1.2.18.jar:na]
	at com.alibaba.druid.pool.DruidAbstractDataSource.createPhysicalConnection(DruidAbstractDataSource.java:1789) ~[druid-1.2.18.jar:na]
	at com.alibaba.druid.pool.DruidDataSource$CreateConnectionThread.run(DruidDataSource.java:2942) ~[druid-1.2.18.jar:na]

2025-10-16T14:40:51.152+08:00 ERROR 18568 --- [Druid-ConnectionPool-Create-1348045338] com.alibaba.druid.pool.DruidDataSource   : create connection SQLException, url: jdbc:mysql://localhost:3306/logistics?serverTimezone=Asia/Shanghai&characterEncoding=UTF-8, errorCode 1045, state 28000

java.sql.SQLException: Access denied for user '肖泽生'@'localhost' (using password: NO)
	at com.mysql.cj.jdbc.exceptions.SQLError.createSQLException(SQLError.java:130) ~[mysql-connector-j-8.0.33.jar:8.0.33]
	at com.mysql.cj.jdbc.exceptions.SQLExceptionsMapping.translateException(SQLExceptionsMapping.java:122) ~[mysql-connector-j-8.0.33.jar:8.0.33]
	at com.mysql.cj.jdbc.ConnectionImpl.createNewIO(ConnectionImpl.java:825) ~[mysql-connector-j-8.0.33.jar:8.0.33]
	at com.mysql.cj.jdbc.ConnectionImpl.<init>(ConnectionImpl.java:446) ~[mysql-connector-j-8.0.33.jar:8.0.33]
	at com.mysql.cj.jdbc.ConnectionImpl.getInstance(ConnectionImpl.java:239) ~[mysql-connector-j-8.0.33.jar:8.0.33]
	at com.mysql.cj.jdbc.NonRegisteringDriver.connect(NonRegisteringDriver.java:188) ~[mysql-connector-j-8.0.33.jar:8.0.33]
	at com.alibaba.druid.filter.FilterChainImpl.connection_connect(FilterChainImpl.java:118) ~[druid-1.2.18.jar:na]
	at com.alibaba.druid.filter.FilterAdapter.connection_connect(FilterAdapter.java:764) ~[druid-1.2.18.jar:na]
	at com.alibaba.druid.filter.FilterChainImpl.connection_connect(FilterChainImpl.java:112) ~[druid-1.2.18.jar:na]
	at com.alibaba.druid.filter.stat.StatFilter.connection_connect(StatFilter.java:232) ~[druid-1.2.18.jar:na]
	at com.alibaba.druid.filter.FilterChainImpl.connection_connect(FilterChainImpl.java:112) ~[druid-1.2.18.jar:na]
	at com.alibaba.druid.pool.DruidAbstractDataSource.createPhysicalConnection(DruidAbstractDataSource.java:1694) ~[druid-1.2.18.jar:na]
	at com.alibaba.druid.pool.DruidAbstractDataSource.createPhysicalConnection(DruidAbstractDataSource.java:1789) ~[druid-1.2.18.jar:na]
	at com.alibaba.druid.pool.DruidDataSource$CreateConnectionThread.run(DruidDataSource.java:2942) ~[druid-1.2.18.jar:na]

2025-10-16T14:40:51.669+08:00 ERROR 18568 --- [Druid-ConnectionPool-Create-1348045338] com.alibaba.druid.pool.DruidDataSource   : create connection SQLException, url: jdbc:mysql://localhost:3306/logistics?serverTimezone=Asia/Shanghai&characterEncoding=UTF-8, errorCode 1045, state 28000

java.sql.SQLException: Access denied for user '肖泽生'@'localhost' (using password: NO)
	at com.mysql.cj.jdbc.exceptions.SQLError.createSQLException(SQLError.java:130) ~[mysql-connector-j-8.0.33.jar:8.0.33]
	at com.mysql.cj.jdbc.exceptions.SQLExceptionsMapping.translateException(SQLExceptionsMapping.java:122) ~[mysql-connector-j-8.0.33.jar:8.0.33]
	at com.mysql.cj.jdbc.ConnectionImpl.createNewIO(ConnectionImpl.java:825) ~[mysql-connector-j-8.0.33.jar:8.0.33]
	at com.mysql.cj.jdbc.ConnectionImpl.<init>(ConnectionImpl.java:446) ~[mysql-connector-j-8.0.33.jar:8.0.33]
	at com.mysql.cj.jdbc.ConnectionImpl.getInstance(ConnectionImpl.java:239) ~[mysql-connector-j-8.0.33.jar:8.0.33]
	at com.mysql.cj.jdbc.NonRegisteringDriver.connect(NonRegisteringDriver.java:188) ~[mysql-connector-j-8.0.33.jar:8.0.33]
	at com.alibaba.druid.filter.FilterChainImpl.connection_connect(FilterChainImpl.java:118) ~[druid-1.2.18.jar:na]
	at com.alibaba.druid.filter.FilterAdapter.connection_connect(FilterAdapter.java:764) ~[druid-1.2.18.jar:na]
	at com.alibaba.druid.filter.FilterChainImpl.connection_connect(FilterChainImpl.java:112) ~[druid-1.2.18.jar:na]
	at com.alibaba.druid.filter.stat.StatFilter.connection_connect(StatFilter.java:232) ~[druid-1.2.18.jar:na]
	at com.alibaba.druid.filter.FilterChainImpl.connection_connect(FilterChainImpl.java:112) ~[druid-1.2.18.jar:na]
	at com.alibaba.druid.pool.DruidAbstractDataSource.createPhysicalConnection(DruidAbstractDataSource.java:1694) ~[druid-1.2.18.jar:na]
	at com.alibaba.druid.pool.DruidAbstractDataSource.createPhysicalConnection(DruidAbstractDataSource.java:1789) ~[druid-1.2.18.jar:na]
	at com.alibaba.druid.pool.DruidDataSource$CreateConnectionThread.run(DruidDataSource.java:2942) ~[druid-1.2.18.jar:na]

2025-10-16T14:40:52.190+08:00 ERROR 18568 --- [Druid-ConnectionPool-Create-1348045338] com.alibaba.druid.pool.DruidDataSource   : create connection SQLException, url: jdbc:mysql://localhost:3306/logistics?serverTimezone=Asia/Shanghai&characterEncoding=UTF-8, errorCode 1045, state 28000

java.sql.SQLException: Access denied for user '肖泽生'@'localhost' (using password: NO)
	at com.mysql.cj.jdbc.exceptions.SQLError.createSQLException(SQLError.java:130) ~[mysql-connector-j-8.0.33.jar:8.0.33]
	at com.mysql.cj.jdbc.exceptions.SQLExceptionsMapping.translateException(SQLExceptionsMapping.java:122) ~[mysql-connector-j-8.0.33.jar:8.0.33]
	at com.mysql.cj.jdbc.ConnectionImpl.createNewIO(ConnectionImpl.java:825) ~[mysql-connector-j-8.0.33.jar:8.0.33]
	at com.mysql.cj.jdbc.ConnectionImpl.<init>(ConnectionImpl.java:446) ~[mysql-connector-j-8.0.33.jar:8.0.33]
	at com.mysql.cj.jdbc.ConnectionImpl.getInstance(ConnectionImpl.java:239) ~[mysql-connector-j-8.0.33.jar:8.0.33]
	at com.mysql.cj.jdbc.NonRegisteringDriver.connect(NonRegisteringDriver.java:188) ~[mysql-connector-j-8.0.33.jar:8.0.33]
	at com.alibaba.druid.filter.FilterChainImpl.connection_connect(FilterChainImpl.java:118) ~[druid-1.2.18.jar:na]
	at com.alibaba.druid.filter.FilterAdapter.connection_connect(FilterAdapter.java:764) ~[druid-1.2.18.jar:na]
	at com.alibaba.druid.filter.FilterChainImpl.connection_connect(FilterChainImpl.java:112) ~[druid-1.2.18.jar:na]
	at com.alibaba.druid.filter.stat.StatFilter.connection_connect(StatFilter.java:232) ~[druid-1.2.18.jar:na]
	at com.alibaba.druid.filter.FilterChainImpl.connection_connect(FilterChainImpl.java:112) ~[druid-1.2.18.jar:na]
	at com.alibaba.druid.pool.DruidAbstractDataSource.createPhysicalConnection(DruidAbstractDataSource.java:1694) ~[druid-1.2.18.jar:na]
	at com.alibaba.druid.pool.DruidAbstractDataSource.createPhysicalConnection(DruidAbstractDataSource.java:1789) ~[druid-1.2.18.jar:na]
	at com.alibaba.druid.pool.DruidDataSource$CreateConnectionThread.run(DruidDataSource.java:2942) ~[druid-1.2.18.jar:na]

2025-10-16T14:40:52.716+08:00 ERROR 18568 --- [Druid-ConnectionPool-Create-1348045338] com.alibaba.druid.pool.DruidDataSource   : create connection SQLException, url: jdbc:mysql://localhost:3306/logistics?serverTimezone=Asia/Shanghai&characterEncoding=UTF-8, errorCode 1045, state 28000

java.sql.SQLException: Access denied for user '肖泽生'@'localhost' (using password: NO)
	at com.mysql.cj.jdbc.exceptions.SQLError.createSQLException(SQLError.java:130) ~[mysql-connector-j-8.0.33.jar:8.0.33]
	at com.mysql.cj.jdbc.exceptions.SQLExceptionsMapping.translateException(SQLExceptionsMapping.java:122) ~[mysql-connector-j-8.0.33.jar:8.0.33]
	at com.mysql.cj.jdbc.ConnectionImpl.createNewIO(ConnectionImpl.java:825) ~[mysql-connector-j-8.0.33.jar:8.0.33]
	at com.mysql.cj.jdbc.ConnectionImpl.<init>(ConnectionImpl.java:446) ~[mysql-connector-j-8.0.33.jar:8.0.33]
	at com.mysql.cj.jdbc.ConnectionImpl.getInstance(ConnectionImpl.java:239) ~[mysql-connector-j-8.0.33.jar:8.0.33]
	at com.mysql.cj.jdbc.NonRegisteringDriver.connect(NonRegisteringDriver.java:188) ~[mysql-connector-j-8.0.33.jar:8.0.33]
	at com.alibaba.druid.filter.FilterChainImpl.connection_connect(FilterChainImpl.java:118) ~[druid-1.2.18.jar:na]
	at com.alibaba.druid.filter.FilterAdapter.connection_connect(FilterAdapter.java:764) ~[druid-1.2.18.jar:na]
	at com.alibaba.druid.filter.FilterChainImpl.connection_connect(FilterChainImpl.java:112) ~[druid-1.2.18.jar:na]
	at com.alibaba.druid.filter.stat.StatFilter.connection_connect(StatFilter.java:232) ~[druid-1.2.18.jar:na]
	at com.alibaba.druid.filter.FilterChainImpl.connection_connect(FilterChainImpl.java:112) ~[druid-1.2.18.jar:na]
	at com.alibaba.druid.pool.DruidAbstractDataSource.createPhysicalConnection(DruidAbstractDataSource.java:1694) ~[druid-1.2.18.jar:na]
	at com.alibaba.druid.pool.DruidAbstractDataSource.createPhysicalConnection(DruidAbstractDataSource.java:1789) ~[druid-1.2.18.jar:na]
	at com.alibaba.druid.pool.DruidDataSource$CreateConnectionThread.run(DruidDataSource.java:2942) ~[druid-1.2.18.jar:na]

2025-10-16T14:40:53.243+08:00 ERROR 18568 --- [Druid-ConnectionPool-Create-1348045338] com.alibaba.druid.pool.DruidDataSource   : create connection SQLException, url: jdbc:mysql://localhost:3306/logistics?serverTimezone=Asia/Shanghai&characterEncoding=UTF-8, errorCode 1045, state 28000

java.sql.SQLException: Access denied for user '肖泽生'@'localhost' (using password: NO)
	at com.mysql.cj.jdbc.exceptions.SQLError.createSQLException(SQLError.java:130) ~[mysql-connector-j-8.0.33.jar:8.0.33]
	at com.mysql.cj.jdbc.exceptions.SQLExceptionsMapping.translateException(SQLExceptionsMapping.java:122) ~[mysql-connector-j-8.0.33.jar:8.0.33]
	at com.mysql.cj.jdbc.ConnectionImpl.createNewIO(ConnectionImpl.java:825) ~[mysql-connector-j-8.0.33.jar:8.0.33]
	at com.mysql.cj.jdbc.ConnectionImpl.<init>(ConnectionImpl.java:446) ~[mysql-connector-j-8.0.33.jar:8.0.33]
	at com.mysql.cj.jdbc.ConnectionImpl.getInstance(ConnectionImpl.java:239) ~[mysql-connector-j-8.0.33.jar:8.0.33]
	at com.mysql.cj.jdbc.NonRegisteringDriver.connect(NonRegisteringDriver.java:188) ~[mysql-connector-j-8.0.33.jar:8.0.33]
	at com.alibaba.druid.filter.FilterChainImpl.connection_connect(FilterChainImpl.java:118) ~[druid-1.2.18.jar:na]
	at com.alibaba.druid.filter.FilterAdapter.connection_connect(FilterAdapter.java:764) ~[druid-1.2.18.jar:na]
	at com.alibaba.druid.filter.FilterChainImpl.connection_connect(FilterChainImpl.java:112) ~[druid-1.2.18.jar:na]
	at com.alibaba.druid.filter.stat.StatFilter.connection_connect(StatFilter.java:232) ~[druid-1.2.18.jar:na]
	at com.alibaba.druid.filter.FilterChainImpl.connection_connect(FilterChainImpl.java:112) ~[druid-1.2.18.jar:na]
	at com.alibaba.druid.pool.DruidAbstractDataSource.createPhysicalConnection(DruidAbstractDataSource.java:1694) ~[druid-1.2.18.jar:na]
	at com.alibaba.druid.pool.DruidAbstractDataSource.createPhysicalConnection(DruidAbstractDataSource.java:1789) ~[druid-1.2.18.jar:na]
	at com.alibaba.druid.pool.DruidDataSource$CreateConnectionThread.run(DruidDataSource.java:2942) ~[druid-1.2.18.jar:na]

2025-10-16T14:40:53.771+08:00 ERROR 18568 --- [Druid-ConnectionPool-Create-1348045338] com.alibaba.druid.pool.DruidDataSource   : create connection SQLException, url: jdbc:mysql://localhost:3306/logistics?serverTimezone=Asia/Shanghai&characterEncoding=UTF-8, errorCode 1045, state 28000

java.sql.SQLException: Access denied for user '肖泽生'@'localhost' (using password: NO)
	at com.mysql.cj.jdbc.exceptions.SQLError.createSQLException(SQLError.java:130) ~[mysql-connector-j-8.0.33.jar:8.0.33]
	at com.mysql.cj.jdbc.exceptions.SQLExceptionsMapping.translateException(SQLExceptionsMapping.java:122) ~[mysql-connector-j-8.0.33.jar:8.0.33]
	at com.mysql.cj.jdbc.ConnectionImpl.createNewIO(ConnectionImpl.java:825) ~[mysql-connector-j-8.0.33.jar:8.0.33]
	at com.mysql.cj.jdbc.ConnectionImpl.<init>(ConnectionImpl.java:446) ~[mysql-connector-j-8.0.33.jar:8.0.33]
	at com.mysql.cj.jdbc.ConnectionImpl.getInstance(ConnectionImpl.java:239) ~[mysql-connector-j-8.0.33.jar:8.0.33]
	at com.mysql.cj.jdbc.NonRegisteringDriver.connect(NonRegisteringDriver.java:188) ~[mysql-connector-j-8.0.33.jar:8.0.33]
	at com.alibaba.druid.filter.FilterChainImpl.connection_connect(FilterChainImpl.java:118) ~[druid-1.2.18.jar:na]
	at com.alibaba.druid.filter.FilterAdapter.connection_connect(FilterAdapter.java:764) ~[druid-1.2.18.jar:na]
	at com.alibaba.druid.filter.FilterChainImpl.connection_connect(FilterChainImpl.java:112) ~[druid-1.2.18.jar:na]
	at com.alibaba.druid.filter.stat.StatFilter.connection_connect(StatFilter.java:232) ~[druid-1.2.18.jar:na]
	at com.alibaba.druid.filter.FilterChainImpl.connection_connect(FilterChainImpl.java:112) ~[druid-1.2.18.jar:na]
	at com.alibaba.druid.pool.DruidAbstractDataSource.createPhysicalConnection(DruidAbstractDataSource.java:1694) ~[druid-1.2.18.jar:na]
	at com.alibaba.druid.pool.DruidAbstractDataSource.createPhysicalConnection(DruidAbstractDataSource.java:1789) ~[druid-1.2.18.jar:na]
	at com.alibaba.druid.pool.DruidDataSource$CreateConnectionThread.run(DruidDataSource.java:2942) ~[druid-1.2.18.jar:na]

2025-10-16T14:40:54.293+08:00 ERROR 18568 --- [Druid-ConnectionPool-Create-1348045338] com.alibaba.druid.pool.DruidDataSource   : create connection SQLException, url: jdbc:mysql://localhost:3306/logistics?serverTimezone=Asia/Shanghai&characterEncoding=UTF-8, errorCode 1045, state 28000

java.sql.SQLException: Access denied for user '肖泽生'@'localhost' (using password: NO)
	at com.mysql.cj.jdbc.exceptions.SQLError.createSQLException(SQLError.java:130) ~[mysql-connector-j-8.0.33.jar:8.0.33]
	at com.mysql.cj.jdbc.exceptions.SQLExceptionsMapping.translateException(SQLExceptionsMapping.java:122) ~[mysql-connector-j-8.0.33.jar:8.0.33]
	at com.mysql.cj.jdbc.ConnectionImpl.createNewIO(ConnectionImpl.java:825) ~[mysql-connector-j-8.0.33.jar:8.0.33]
	at com.mysql.cj.jdbc.ConnectionImpl.<init>(ConnectionImpl.java:446) ~[mysql-connector-j-8.0.33.jar:8.0.33]
	at com.mysql.cj.jdbc.ConnectionImpl.getInstance(ConnectionImpl.java:239) ~[mysql-connector-j-8.0.33.jar:8.0.33]
	at com.mysql.cj.jdbc.NonRegisteringDriver.connect(NonRegisteringDriver.java:188) ~[mysql-connector-j-8.0.33.jar:8.0.33]
	at com.alibaba.druid.filter.FilterChainImpl.connection_connect(FilterChainImpl.java:118) ~[druid-1.2.18.jar:na]
	at com.alibaba.druid.filter.FilterAdapter.connection_connect(FilterAdapter.java:764) ~[druid-1.2.18.jar:na]
	at com.alibaba.druid.filter.FilterChainImpl.connection_connect(FilterChainImpl.java:112) ~[druid-1.2.18.jar:na]
	at com.alibaba.druid.filter.stat.StatFilter.connection_connect(StatFilter.java:232) ~[druid-1.2.18.jar:na]
	at com.alibaba.druid.filter.FilterChainImpl.connection_connect(FilterChainImpl.java:112) ~[druid-1.2.18.jar:na]
	at com.alibaba.druid.pool.DruidAbstractDataSource.createPhysicalConnection(DruidAbstractDataSource.java:1694) ~[druid-1.2.18.jar:na]
	at com.alibaba.druid.pool.DruidAbstractDataSource.createPhysicalConnection(DruidAbstractDataSource.java:1789) ~[druid-1.2.18.jar:na]
	at com.alibaba.druid.pool.DruidDataSource$CreateConnectionThread.run(DruidDataSource.java:2942) ~[druid-1.2.18.jar:na]

2025-10-16T14:40:54.819+08:00 ERROR 18568 --- [Druid-ConnectionPool-Create-1348045338] com.alibaba.druid.pool.DruidDataSource   : create connection SQLException, url: jdbc:mysql://localhost:3306/logistics?serverTimezone=Asia/Shanghai&characterEncoding=UTF-8, errorCode 1045, state 28000

java.sql.SQLException: Access denied for user '肖泽生'@'localhost' (using password: NO)
	at com.mysql.cj.jdbc.exceptions.SQLError.createSQLException(SQLError.java:130) ~[mysql-connector-j-8.0.33.jar:8.0.33]
	at com.mysql.cj.jdbc.exceptions.SQLExceptionsMapping.translateException(SQLExceptionsMapping.java:122) ~[mysql-connector-j-8.0.33.jar:8.0.33]
	at com.mysql.cj.jdbc.ConnectionImpl.createNewIO(ConnectionImpl.java:825) ~[mysql-connector-j-8.0.33.jar:8.0.33]
	at com.mysql.cj.jdbc.ConnectionImpl.<init>(ConnectionImpl.java:446) ~[mysql-connector-j-8.0.33.jar:8.0.33]
	at com.mysql.cj.jdbc.ConnectionImpl.getInstance(ConnectionImpl.java:239) ~[mysql-connector-j-8.0.33.jar:8.0.33]
	at com.mysql.cj.jdbc.NonRegisteringDriver.connect(NonRegisteringDriver.java:188) ~[mysql-connector-j-8.0.33.jar:8.0.33]
	at com.alibaba.druid.filter.FilterChainImpl.connection_connect(FilterChainImpl.java:118) ~[druid-1.2.18.jar:na]
	at com.alibaba.druid.filter.FilterAdapter.connection_connect(FilterAdapter.java:764) ~[druid-1.2.18.jar:na]
	at com.alibaba.druid.filter.FilterChainImpl.connection_connect(FilterChainImpl.java:112) ~[druid-1.2.18.jar:na]
	at com.alibaba.druid.filter.stat.StatFilter.connection_connect(StatFilter.java:232) ~[druid-1.2.18.jar:na]
	at com.alibaba.druid.filter.FilterChainImpl.connection_connect(FilterChainImpl.java:112) ~[druid-1.2.18.jar:na]
	at com.alibaba.druid.pool.DruidAbstractDataSource.createPhysicalConnection(DruidAbstractDataSource.java:1694) ~[druid-1.2.18.jar:na]
	at com.alibaba.druid.pool.DruidAbstractDataSource.createPhysicalConnection(DruidAbstractDataSource.java:1789) ~[druid-1.2.18.jar:na]
	at com.alibaba.druid.pool.DruidDataSource$CreateConnectionThread.run(DruidDataSource.java:2942) ~[druid-1.2.18.jar:na]

2025-10-16T14:40:55.351+08:00 ERROR 18568 --- [Druid-ConnectionPool-Create-1348045338] com.alibaba.druid.pool.DruidDataSource   : create connection SQLException, url: jdbc:mysql://localhost:3306/logistics?serverTimezone=Asia/Shanghai&characterEncoding=UTF-8, errorCode 1045, state 28000

java.sql.SQLException: Access denied for user '肖泽生'@'localhost' (using password: NO)
	at com.mysql.cj.jdbc.exceptions.SQLError.createSQLException(SQLError.java:130) ~[mysql-connector-j-8.0.33.jar:8.0.33]
	at com.mysql.cj.jdbc.exceptions.SQLExceptionsMapping.translateException(SQLExceptionsMapping.java:122) ~[mysql-connector-j-8.0.33.jar:8.0.33]
	at com.mysql.cj.jdbc.ConnectionImpl.createNewIO(ConnectionImpl.java:825) ~[mysql-connector-j-8.0.33.jar:8.0.33]
	at com.mysql.cj.jdbc.ConnectionImpl.<init>(ConnectionImpl.java:446) ~[mysql-connector-j-8.0.33.jar:8.0.33]
	at com.mysql.cj.jdbc.ConnectionImpl.getInstance(ConnectionImpl.java:239) ~[mysql-connector-j-8.0.33.jar:8.0.33]
	at com.mysql.cj.jdbc.NonRegisteringDriver.connect(NonRegisteringDriver.java:188) ~[mysql-connector-j-8.0.33.jar:8.0.33]
	at com.alibaba.druid.filter.FilterChainImpl.connection_connect(FilterChainImpl.java:118) ~[druid-1.2.18.jar:na]
	at com.alibaba.druid.filter.FilterAdapter.connection_connect(FilterAdapter.java:764) ~[druid-1.2.18.jar:na]
	at com.alibaba.druid.filter.FilterChainImpl.connection_connect(FilterChainImpl.java:112) ~[druid-1.2.18.jar:na]
	at com.alibaba.druid.filter.stat.StatFilter.connection_connect(StatFilter.java:232) ~[druid-1.2.18.jar:na]
	at com.alibaba.druid.filter.FilterChainImpl.connection_connect(FilterChainImpl.java:112) ~[druid-1.2.18.jar:na]
	at com.alibaba.druid.pool.DruidAbstractDataSource.createPhysicalConnection(DruidAbstractDataSource.java:1694) ~[druid-1.2.18.jar:na]
	at com.alibaba.druid.pool.DruidAbstractDataSource.createPhysicalConnection(DruidAbstractDataSource.java:1789) ~[druid-1.2.18.jar:na]
	at com.alibaba.druid.pool.DruidDataSource$CreateConnectionThread.run(DruidDataSource.java:2942) ~[druid-1.2.18.jar:na]

2025-10-16T14:40:55.878+08:00 ERROR 18568 --- [Druid-ConnectionPool-Create-1348045338] com.alibaba.druid.pool.DruidDataSource   : create connection SQLException, url: jdbc:mysql://localhost:3306/logistics?serverTimezone=Asia/Shanghai&characterEncoding=UTF-8, errorCode 1045, state 28000

java.sql.SQLException: Access denied for user '肖泽生'@'localhost' (using password: NO)
	at com.mysql.cj.jdbc.exceptions.SQLError.createSQLException(SQLError.java:130) ~[mysql-connector-j-8.0.33.jar:8.0.33]
	at com.mysql.cj.jdbc.exceptions.SQLExceptionsMapping.translateException(SQLExceptionsMapping.java:122) ~[mysql-connector-j-8.0.33.jar:8.0.33]
	at com.mysql.cj.jdbc.ConnectionImpl.createNewIO(ConnectionImpl.java:825) ~[mysql-connector-j-8.0.33.jar:8.0.33]
	at com.mysql.cj.jdbc.ConnectionImpl.<init>(ConnectionImpl.java:446) ~[mysql-connector-j-8.0.33.jar:8.0.33]
	at com.mysql.cj.jdbc.ConnectionImpl.getInstance(ConnectionImpl.java:239) ~[mysql-connector-j-8.0.33.jar:8.0.33]
	at com.mysql.cj.jdbc.NonRegisteringDriver.connect(NonRegisteringDriver.java:188) ~[mysql-connector-j-8.0.33.jar:8.0.33]
	at com.alibaba.druid.filter.FilterChainImpl.connection_connect(FilterChainImpl.java:118) ~[druid-1.2.18.jar:na]
	at com.alibaba.druid.filter.FilterAdapter.connection_connect(FilterAdapter.java:764) ~[druid-1.2.18.jar:na]
	at com.alibaba.druid.filter.FilterChainImpl.connection_connect(FilterChainImpl.java:112) ~[druid-1.2.18.jar:na]
	at com.alibaba.druid.filter.stat.StatFilter.connection_connect(StatFilter.java:232) ~[druid-1.2.18.jar:na]
	at com.alibaba.druid.filter.FilterChainImpl.connection_connect(FilterChainImpl.java:112) ~[druid-1.2.18.jar:na]
	at com.alibaba.druid.pool.DruidAbstractDataSource.createPhysicalConnection(DruidAbstractDataSource.java:1694) ~[druid-1.2.18.jar:na]
	at com.alibaba.druid.pool.DruidAbstractDataSource.createPhysicalConnection(DruidAbstractDataSource.java:1789) ~[druid-1.2.18.jar:na]
	at com.alibaba.druid.pool.DruidDataSource$CreateConnectionThread.run(DruidDataSource.java:2942) ~[druid-1.2.18.jar:na]

2025-10-16T14:40:56.406+08:00 ERROR 18568 --- [Druid-ConnectionPool-Create-1348045338] com.alibaba.druid.pool.DruidDataSource   : create connection SQLException, url: jdbc:mysql://localhost:3306/logistics?serverTimezone=Asia/Shanghai&characterEncoding=UTF-8, errorCode 1045, state 28000

java.sql.SQLException: Access denied for user '肖泽生'@'localhost' (using password: NO)
	at com.mysql.cj.jdbc.exceptions.SQLError.createSQLException(SQLError.java:130) ~[mysql-connector-j-8.0.33.jar:8.0.33]
	at com.mysql.cj.jdbc.exceptions.SQLExceptionsMapping.translateException(SQLExceptionsMapping.java:122) ~[mysql-connector-j-8.0.33.jar:8.0.33]
	at com.mysql.cj.jdbc.ConnectionImpl.createNewIO(ConnectionImpl.java:825) ~[mysql-connector-j-8.0.33.jar:8.0.33]
	at com.mysql.cj.jdbc.ConnectionImpl.<init>(ConnectionImpl.java:446) ~[mysql-connector-j-8.0.33.jar:8.0.33]
	at com.mysql.cj.jdbc.ConnectionImpl.getInstance(ConnectionImpl.java:239) ~[mysql-connector-j-8.0.33.jar:8.0.33]
	at com.mysql.cj.jdbc.NonRegisteringDriver.connect(NonRegisteringDriver.java:188) ~[mysql-connector-j-8.0.33.jar:8.0.33]
	at com.alibaba.druid.filter.FilterChainImpl.connection_connect(FilterChainImpl.java:118) ~[druid-1.2.18.jar:na]
	at com.alibaba.druid.filter.FilterAdapter.connection_connect(FilterAdapter.java:764) ~[druid-1.2.18.jar:na]
	at com.alibaba.druid.filter.FilterChainImpl.connection_connect(FilterChainImpl.java:112) ~[druid-1.2.18.jar:na]
	at com.alibaba.druid.filter.stat.StatFilter.connection_connect(StatFilter.java:232) ~[druid-1.2.18.jar:na]
	at com.alibaba.druid.filter.FilterChainImpl.connection_connect(FilterChainImpl.java:112) ~[druid-1.2.18.jar:na]
	at com.alibaba.druid.pool.DruidAbstractDataSource.createPhysicalConnection(DruidAbstractDataSource.java:1694) ~[druid-1.2.18.jar:na]
	at com.alibaba.druid.pool.DruidAbstractDataSource.createPhysicalConnection(DruidAbstractDataSource.java:1789) ~[druid-1.2.18.jar:na]
	at com.alibaba.druid.pool.DruidDataSource$CreateConnectionThread.run(DruidDataSource.java:2942) ~[druid-1.2.18.jar:na]

2025-10-16T14:40:56.937+08:00 ERROR 18568 --- [Druid-ConnectionPool-Create-1348045338] com.alibaba.druid.pool.DruidDataSource   : create connection SQLException, url: jdbc:mysql://localhost:3306/logistics?serverTimezone=Asia/Shanghai&characterEncoding=UTF-8, errorCode 1045, state 28000

java.sql.SQLException: Access denied for user '肖泽生'@'localhost' (using password: NO)
	at com.mysql.cj.jdbc.exceptions.SQLError.createSQLException(SQLError.java:130) ~[mysql-connector-j-8.0.33.jar:8.0.33]
	at com.mysql.cj.jdbc.exceptions.SQLExceptionsMapping.translateException(SQLExceptionsMapping.java:122) ~[mysql-connector-j-8.0.33.jar:8.0.33]
	at com.mysql.cj.jdbc.ConnectionImpl.createNewIO(ConnectionImpl.java:825) ~[mysql-connector-j-8.0.33.jar:8.0.33]
	at com.mysql.cj.jdbc.ConnectionImpl.<init>(ConnectionImpl.java:446) ~[mysql-connector-j-8.0.33.jar:8.0.33]
	at com.mysql.cj.jdbc.ConnectionImpl.getInstance(ConnectionImpl.java:239) ~[mysql-connector-j-8.0.33.jar:8.0.33]
	at com.mysql.cj.jdbc.NonRegisteringDriver.connect(NonRegisteringDriver.java:188) ~[mysql-connector-j-8.0.33.jar:8.0.33]
	at com.alibaba.druid.filter.FilterChainImpl.connection_connect(FilterChainImpl.java:118) ~[druid-1.2.18.jar:na]
	at com.alibaba.druid.filter.FilterAdapter.connection_connect(FilterAdapter.java:764) ~[druid-1.2.18.jar:na]
	at com.alibaba.druid.filter.FilterChainImpl.connection_connect(FilterChainImpl.java:112) ~[druid-1.2.18.jar:na]
	at com.alibaba.druid.filter.stat.StatFilter.connection_connect(StatFilter.java:232) ~[druid-1.2.18.jar:na]
	at com.alibaba.druid.filter.FilterChainImpl.connection_connect(FilterChainImpl.java:112) ~[druid-1.2.18.jar:na]
	at com.alibaba.druid.pool.DruidAbstractDataSource.createPhysicalConnection(DruidAbstractDataSource.java:1694) ~[druid-1.2.18.jar:na]
	at com.alibaba.druid.pool.DruidAbstractDataSource.createPhysicalConnection(DruidAbstractDataSource.java:1789) ~[druid-1.2.18.jar:na]
	at com.alibaba.druid.pool.DruidDataSource$CreateConnectionThread.run(DruidDataSource.java:2942) ~[druid-1.2.18.jar:na]

2025-10-16T14:40:57.465+08:00 ERROR 18568 --- [Druid-ConnectionPool-Create-1348045338] com.alibaba.druid.pool.DruidDataSource   : create connection SQLException, url: jdbc:mysql://localhost:3306/logistics?serverTimezone=Asia/Shanghai&characterEncoding=UTF-8, errorCode 1045, state 28000

java.sql.SQLException: Access denied for user '肖泽生'@'localhost' (using password: NO)
	at com.mysql.cj.jdbc.exceptions.SQLError.createSQLException(SQLError.java:130) ~[mysql-connector-j-8.0.33.jar:8.0.33]
	at com.mysql.cj.jdbc.exceptions.SQLExceptionsMapping.translateException(SQLExceptionsMapping.java:122) ~[mysql-connector-j-8.0.33.jar:8.0.33]
	at com.mysql.cj.jdbc.ConnectionImpl.createNewIO(ConnectionImpl.java:825) ~[mysql-connector-j-8.0.33.jar:8.0.33]
	at com.mysql.cj.jdbc.ConnectionImpl.<init>(ConnectionImpl.java:446) ~[mysql-connector-j-8.0.33.jar:8.0.33]
	at com.mysql.cj.jdbc.ConnectionImpl.getInstance(ConnectionImpl.java:239) ~[mysql-connector-j-8.0.33.jar:8.0.33]
	at com.mysql.cj.jdbc.NonRegisteringDriver.connect(NonRegisteringDriver.java:188) ~[mysql-connector-j-8.0.33.jar:8.0.33]
	at com.alibaba.druid.filter.FilterChainImpl.connection_connect(FilterChainImpl.java:118) ~[druid-1.2.18.jar:na]
	at com.alibaba.druid.filter.FilterAdapter.connection_connect(FilterAdapter.java:764) ~[druid-1.2.18.jar:na]
	at com.alibaba.druid.filter.FilterChainImpl.connection_connect(FilterChainImpl.java:112) ~[druid-1.2.18.jar:na]
	at com.alibaba.druid.filter.stat.StatFilter.connection_connect(StatFilter.java:232) ~[druid-1.2.18.jar:na]
	at com.alibaba.druid.filter.FilterChainImpl.connection_connect(FilterChainImpl.java:112) ~[druid-1.2.18.jar:na]
	at com.alibaba.druid.pool.DruidAbstractDataSource.createPhysicalConnection(DruidAbstractDataSource.java:1694) ~[druid-1.2.18.jar:na]
	at com.alibaba.druid.pool.DruidAbstractDataSource.createPhysicalConnection(DruidAbstractDataSource.java:1789) ~[druid-1.2.18.jar:na]
	at com.alibaba.druid.pool.DruidDataSource$CreateConnectionThread.run(DruidDataSource.java:2942) ~[druid-1.2.18.jar:na]

2025-10-16T14:40:57.999+08:00 ERROR 18568 --- [Druid-ConnectionPool-Create-1348045338] com.alibaba.druid.pool.DruidDataSource   : create connection SQLException, url: jdbc:mysql://localhost:3306/logistics?serverTimezone=Asia/Shanghai&characterEncoding=UTF-8, errorCode 1045, state 28000

java.sql.SQLException: Access denied for user '肖泽生'@'localhost' (using password: NO)
	at com.mysql.cj.jdbc.exceptions.SQLError.createSQLException(SQLError.java:130) ~[mysql-connector-j-8.0.33.jar:8.0.33]
	at com.mysql.cj.jdbc.exceptions.SQLExceptionsMapping.translateException(SQLExceptionsMapping.java:122) ~[mysql-connector-j-8.0.33.jar:8.0.33]
	at com.mysql.cj.jdbc.ConnectionImpl.createNewIO(ConnectionImpl.java:825) ~[mysql-connector-j-8.0.33.jar:8.0.33]
	at com.mysql.cj.jdbc.ConnectionImpl.<init>(ConnectionImpl.java:446) ~[mysql-connector-j-8.0.33.jar:8.0.33]
	at com.mysql.cj.jdbc.ConnectionImpl.getInstance(ConnectionImpl.java:239) ~[mysql-connector-j-8.0.33.jar:8.0.33]
	at com.mysql.cj.jdbc.NonRegisteringDriver.connect(NonRegisteringDriver.java:188) ~[mysql-connector-j-8.0.33.jar:8.0.33]
	at com.alibaba.druid.filter.FilterChainImpl.connection_connect(FilterChainImpl.java:118) ~[druid-1.2.18.jar:na]
	at com.alibaba.druid.filter.FilterAdapter.connection_connect(FilterAdapter.java:764) ~[druid-1.2.18.jar:na]
	at com.alibaba.druid.filter.FilterChainImpl.connection_connect(FilterChainImpl.java:112) ~[druid-1.2.18.jar:na]
	at com.alibaba.druid.filter.stat.StatFilter.connection_connect(StatFilter.java:232) ~[druid-1.2.18.jar:na]
	at com.alibaba.druid.filter.FilterChainImpl.connection_connect(FilterChainImpl.java:112) ~[druid-1.2.18.jar:na]
	at com.alibaba.druid.pool.DruidAbstractDataSource.createPhysicalConnection(DruidAbstractDataSource.java:1694) ~[druid-1.2.18.jar:na]
	at com.alibaba.druid.pool.DruidAbstractDataSource.createPhysicalConnection(DruidAbstractDataSource.java:1789) ~[druid-1.2.18.jar:na]
	at com.alibaba.druid.pool.DruidDataSource$CreateConnectionThread.run(DruidDataSource.java:2942) ~[druid-1.2.18.jar:na]

2025-10-16T14:40:58.525+08:00 ERROR 18568 --- [Druid-ConnectionPool-Create-1348045338] com.alibaba.druid.pool.DruidDataSource   : create connection SQLException, url: jdbc:mysql://localhost:3306/logistics?serverTimezone=Asia/Shanghai&characterEncoding=UTF-8, errorCode 1045, state 28000

java.sql.SQLException: Access denied for user '肖泽生'@'localhost' (using password: NO)
	at com.mysql.cj.jdbc.exceptions.SQLError.createSQLException(SQLError.java:130) ~[mysql-connector-j-8.0.33.jar:8.0.33]
	at com.mysql.cj.jdbc.exceptions.SQLExceptionsMapping.translateException(SQLExceptionsMapping.java:122) ~[mysql-connector-j-8.0.33.jar:8.0.33]
	at com.mysql.cj.jdbc.ConnectionImpl.createNewIO(ConnectionImpl.java:825) ~[mysql-connector-j-8.0.33.jar:8.0.33]
	at com.mysql.cj.jdbc.ConnectionImpl.<init>(ConnectionImpl.java:446) ~[mysql-connector-j-8.0.33.jar:8.0.33]
	at com.mysql.cj.jdbc.ConnectionImpl.getInstance(ConnectionImpl.java:239) ~[mysql-connector-j-8.0.33.jar:8.0.33]
	at com.mysql.cj.jdbc.NonRegisteringDriver.connect(NonRegisteringDriver.java:188) ~[mysql-connector-j-8.0.33.jar:8.0.33]
	at com.alibaba.druid.filter.FilterChainImpl.connection_connect(FilterChainImpl.java:118) ~[druid-1.2.18.jar:na]
	at com.alibaba.druid.filter.FilterAdapter.connection_connect(FilterAdapter.java:764) ~[druid-1.2.18.jar:na]
	at com.alibaba.druid.filter.FilterChainImpl.connection_connect(FilterChainImpl.java:112) ~[druid-1.2.18.jar:na]
	at com.alibaba.druid.filter.stat.StatFilter.connection_connect(StatFilter.java:232) ~[druid-1.2.18.jar:na]
	at com.alibaba.druid.filter.FilterChainImpl.connection_connect(FilterChainImpl.java:112) ~[druid-1.2.18.jar:na]
	at com.alibaba.druid.pool.DruidAbstractDataSource.createPhysicalConnection(DruidAbstractDataSource.java:1694) ~[druid-1.2.18.jar:na]
	at com.alibaba.druid.pool.DruidAbstractDataSource.createPhysicalConnection(DruidAbstractDataSource.java:1789) ~[druid-1.2.18.jar:na]
	at com.alibaba.druid.pool.DruidDataSource$CreateConnectionThread.run(DruidDataSource.java:2942) ~[druid-1.2.18.jar:na]

2025-10-16T14:40:59.051+08:00 ERROR 18568 --- [Druid-ConnectionPool-Create-1348045338] com.alibaba.druid.pool.DruidDataSource   : create connection SQLException, url: jdbc:mysql://localhost:3306/logistics?serverTimezone=Asia/Shanghai&characterEncoding=UTF-8, errorCode 1045, state 28000

java.sql.SQLException: Access denied for user '肖泽生'@'localhost' (using password: NO)
	at com.mysql.cj.jdbc.exceptions.SQLError.createSQLException(SQLError.java:130) ~[mysql-connector-j-8.0.33.jar:8.0.33]
	at com.mysql.cj.jdbc.exceptions.SQLExceptionsMapping.translateException(SQLExceptionsMapping.java:122) ~[mysql-connector-j-8.0.33.jar:8.0.33]
	at com.mysql.cj.jdbc.ConnectionImpl.createNewIO(ConnectionImpl.java:825) ~[mysql-connector-j-8.0.33.jar:8.0.33]
	at com.mysql.cj.jdbc.ConnectionImpl.<init>(ConnectionImpl.java:446) ~[mysql-connector-j-8.0.33.jar:8.0.33]
	at com.mysql.cj.jdbc.ConnectionImpl.getInstance(ConnectionImpl.java:239) ~[mysql-connector-j-8.0.33.jar:8.0.33]
	at com.mysql.cj.jdbc.NonRegisteringDriver.connect(NonRegisteringDriver.java:188) ~[mysql-connector-j-8.0.33.jar:8.0.33]
	at com.alibaba.druid.filter.FilterChainImpl.connection_connect(FilterChainImpl.java:118) ~[druid-1.2.18.jar:na]
	at com.alibaba.druid.filter.FilterAdapter.connection_connect(FilterAdapter.java:764) ~[druid-1.2.18.jar:na]
	at com.alibaba.druid.filter.FilterChainImpl.connection_connect(FilterChainImpl.java:112) ~[druid-1.2.18.jar:na]
	at com.alibaba.druid.filter.stat.StatFilter.connection_connect(StatFilter.java:232) ~[druid-1.2.18.jar:na]
	at com.alibaba.druid.filter.FilterChainImpl.connection_connect(FilterChainImpl.java:112) ~[druid-1.2.18.jar:na]
	at com.alibaba.druid.pool.DruidAbstractDataSource.createPhysicalConnection(DruidAbstractDataSource.java:1694) ~[druid-1.2.18.jar:na]
	at com.alibaba.druid.pool.DruidAbstractDataSource.createPhysicalConnection(DruidAbstractDataSource.java:1789) ~[druid-1.2.18.jar:na]
	at com.alibaba.druid.pool.DruidDataSource$CreateConnectionThread.run(DruidDataSource.java:2942) ~[druid-1.2.18.jar:na]

2025-10-16T14:40:59.581+08:00 ERROR 18568 --- [Druid-ConnectionPool-Create-1348045338] com.alibaba.druid.pool.DruidDataSource   : create connection SQLException, url: jdbc:mysql://localhost:3306/logistics?serverTimezone=Asia/Shanghai&characterEncoding=UTF-8, errorCode 1045, state 28000

java.sql.SQLException: Access denied for user '肖泽生'@'localhost' (using password: NO)
	at com.mysql.cj.jdbc.exceptions.SQLError.createSQLException(SQLError.java:130) ~[mysql-connector-j-8.0.33.jar:8.0.33]
	at com.mysql.cj.jdbc.exceptions.SQLExceptionsMapping.translateException(SQLExceptionsMapping.java:122) ~[mysql-connector-j-8.0.33.jar:8.0.33]
	at com.mysql.cj.jdbc.ConnectionImpl.createNewIO(ConnectionImpl.java:825) ~[mysql-connector-j-8.0.33.jar:8.0.33]
	at com.mysql.cj.jdbc.ConnectionImpl.<init>(ConnectionImpl.java:446) ~[mysql-connector-j-8.0.33.jar:8.0.33]
	at com.mysql.cj.jdbc.ConnectionImpl.getInstance(ConnectionImpl.java:239) ~[mysql-connector-j-8.0.33.jar:8.0.33]
	at com.mysql.cj.jdbc.NonRegisteringDriver.connect(NonRegisteringDriver.java:188) ~[mysql-connector-j-8.0.33.jar:8.0.33]
	at com.alibaba.druid.filter.FilterChainImpl.connection_connect(FilterChainImpl.java:118) ~[druid-1.2.18.jar:na]
	at com.alibaba.druid.filter.FilterAdapter.connection_connect(FilterAdapter.java:764) ~[druid-1.2.18.jar:na]
	at com.alibaba.druid.filter.FilterChainImpl.connection_connect(FilterChainImpl.java:112) ~[druid-1.2.18.jar:na]
	at com.alibaba.druid.filter.stat.StatFilter.connection_connect(StatFilter.java:232) ~[druid-1.2.18.jar:na]
	at com.alibaba.druid.filter.FilterChainImpl.connection_connect(FilterChainImpl.java:112) ~[druid-1.2.18.jar:na]
	at com.alibaba.druid.pool.DruidAbstractDataSource.createPhysicalConnection(DruidAbstractDataSource.java:1694) ~[druid-1.2.18.jar:na]
	at com.alibaba.druid.pool.DruidAbstractDataSource.createPhysicalConnection(DruidAbstractDataSource.java:1789) ~[druid-1.2.18.jar:na]
	at com.alibaba.druid.pool.DruidDataSource$CreateConnectionThread.run(DruidDataSource.java:2942) ~[druid-1.2.18.jar:na]

2025-10-16T14:41:00.112+08:00 ERROR 18568 --- [Druid-ConnectionPool-Create-1348045338] com.alibaba.druid.pool.DruidDataSource   : create connection SQLException, url: jdbc:mysql://localhost:3306/logistics?serverTimezone=Asia/Shanghai&characterEncoding=UTF-8, errorCode 1045, state 28000

java.sql.SQLException: Access denied for user '肖泽生'@'localhost' (using password: NO)
	at com.mysql.cj.jdbc.exceptions.SQLError.createSQLException(SQLError.java:130) ~[mysql-connector-j-8.0.33.jar:8.0.33]
	at com.mysql.cj.jdbc.exceptions.SQLExceptionsMapping.translateException(SQLExceptionsMapping.java:122) ~[mysql-connector-j-8.0.33.jar:8.0.33]
	at com.mysql.cj.jdbc.ConnectionImpl.createNewIO(ConnectionImpl.java:825) ~[mysql-connector-j-8.0.33.jar:8.0.33]
	at com.mysql.cj.jdbc.ConnectionImpl.<init>(ConnectionImpl.java:446) ~[mysql-connector-j-8.0.33.jar:8.0.33]
	at com.mysql.cj.jdbc.ConnectionImpl.getInstance(ConnectionImpl.java:239) ~[mysql-connector-j-8.0.33.jar:8.0.33]
	at com.mysql.cj.jdbc.NonRegisteringDriver.connect(NonRegisteringDriver.java:188) ~[mysql-connector-j-8.0.33.jar:8.0.33]
	at com.alibaba.druid.filter.FilterChainImpl.connection_connect(FilterChainImpl.java:118) ~[druid-1.2.18.jar:na]
	at com.alibaba.druid.filter.FilterAdapter.connection_connect(FilterAdapter.java:764) ~[druid-1.2.18.jar:na]
	at com.alibaba.druid.filter.FilterChainImpl.connection_connect(FilterChainImpl.java:112) ~[druid-1.2.18.jar:na]
	at com.alibaba.druid.filter.stat.StatFilter.connection_connect(StatFilter.java:232) ~[druid-1.2.18.jar:na]
	at com.alibaba.druid.filter.FilterChainImpl.connection_connect(FilterChainImpl.java:112) ~[druid-1.2.18.jar:na]
	at com.alibaba.druid.pool.DruidAbstractDataSource.createPhysicalConnection(DruidAbstractDataSource.java:1694) ~[druid-1.2.18.jar:na]
	at com.alibaba.druid.pool.DruidAbstractDataSource.createPhysicalConnection(DruidAbstractDataSource.java:1789) ~[druid-1.2.18.jar:na]
	at com.alibaba.druid.pool.DruidDataSource$CreateConnectionThread.run(DruidDataSource.java:2942) ~[druid-1.2.18.jar:na]

2025-10-16T14:41:00.639+08:00 ERROR 18568 --- [Druid-ConnectionPool-Create-1348045338] com.alibaba.druid.pool.DruidDataSource   : create connection SQLException, url: jdbc:mysql://localhost:3306/logistics?serverTimezone=Asia/Shanghai&characterEncoding=UTF-8, errorCode 1045, state 28000

java.sql.SQLException: Access denied for user '肖泽生'@'localhost' (using password: NO)
	at com.mysql.cj.jdbc.exceptions.SQLError.createSQLException(SQLError.java:130) ~[mysql-connector-j-8.0.33.jar:8.0.33]
	at com.mysql.cj.jdbc.exceptions.SQLExceptionsMapping.translateException(SQLExceptionsMapping.java:122) ~[mysql-connector-j-8.0.33.jar:8.0.33]
	at com.mysql.cj.jdbc.ConnectionImpl.createNewIO(ConnectionImpl.java:825) ~[mysql-connector-j-8.0.33.jar:8.0.33]
	at com.mysql.cj.jdbc.ConnectionImpl.<init>(ConnectionImpl.java:446) ~[mysql-connector-j-8.0.33.jar:8.0.33]
	at com.mysql.cj.jdbc.ConnectionImpl.getInstance(ConnectionImpl.java:239) ~[mysql-connector-j-8.0.33.jar:8.0.33]
	at com.mysql.cj.jdbc.NonRegisteringDriver.connect(NonRegisteringDriver.java:188) ~[mysql-connector-j-8.0.33.jar:8.0.33]
	at com.alibaba.druid.filter.FilterChainImpl.connection_connect(FilterChainImpl.java:118) ~[druid-1.2.18.jar:na]
	at com.alibaba.druid.filter.FilterAdapter.connection_connect(FilterAdapter.java:764) ~[druid-1.2.18.jar:na]
	at com.alibaba.druid.filter.FilterChainImpl.connection_connect(FilterChainImpl.java:112) ~[druid-1.2.18.jar:na]
	at com.alibaba.druid.filter.stat.StatFilter.connection_connect(StatFilter.java:232) ~[druid-1.2.18.jar:na]
	at com.alibaba.druid.filter.FilterChainImpl.connection_connect(FilterChainImpl.java:112) ~[druid-1.2.18.jar:na]
	at com.alibaba.druid.pool.DruidAbstractDataSource.createPhysicalConnection(DruidAbstractDataSource.java:1694) ~[druid-1.2.18.jar:na]
	at com.alibaba.druid.pool.DruidAbstractDataSource.createPhysicalConnection(DruidAbstractDataSource.java:1789) ~[druid-1.2.18.jar:na]
	at com.alibaba.druid.pool.DruidDataSource$CreateConnectionThread.run(DruidDataSource.java:2942) ~[druid-1.2.18.jar:na]

2025-10-16T14:41:01.173+08:00 ERROR 18568 --- [Druid-ConnectionPool-Create-1348045338] com.alibaba.druid.pool.DruidDataSource   : create connection SQLException, url: jdbc:mysql://localhost:3306/logistics?serverTimezone=Asia/Shanghai&characterEncoding=UTF-8, errorCode 1045, state 28000

java.sql.SQLException: Access denied for user '肖泽生'@'localhost' (using password: NO)
	at com.mysql.cj.jdbc.exceptions.SQLError.createSQLException(SQLError.java:130) ~[mysql-connector-j-8.0.33.jar:8.0.33]
	at com.mysql.cj.jdbc.exceptions.SQLExceptionsMapping.translateException(SQLExceptionsMapping.java:122) ~[mysql-connector-j-8.0.33.jar:8.0.33]
	at com.mysql.cj.jdbc.ConnectionImpl.createNewIO(ConnectionImpl.java:825) ~[mysql-connector-j-8.0.33.jar:8.0.33]
	at com.mysql.cj.jdbc.ConnectionImpl.<init>(ConnectionImpl.java:446) ~[mysql-connector-j-8.0.33.jar:8.0.33]
	at com.mysql.cj.jdbc.ConnectionImpl.getInstance(ConnectionImpl.java:239) ~[mysql-connector-j-8.0.33.jar:8.0.33]
	at com.mysql.cj.jdbc.NonRegisteringDriver.connect(NonRegisteringDriver.java:188) ~[mysql-connector-j-8.0.33.jar:8.0.33]
	at com.alibaba.druid.filter.FilterChainImpl.connection_connect(FilterChainImpl.java:118) ~[druid-1.2.18.jar:na]
	at com.alibaba.druid.filter.FilterAdapter.connection_connect(FilterAdapter.java:764) ~[druid-1.2.18.jar:na]
	at com.alibaba.druid.filter.FilterChainImpl.connection_connect(FilterChainImpl.java:112) ~[druid-1.2.18.jar:na]
	at com.alibaba.druid.filter.stat.StatFilter.connection_connect(StatFilter.java:232) ~[druid-1.2.18.jar:na]
	at com.alibaba.druid.filter.FilterChainImpl.connection_connect(FilterChainImpl.java:112) ~[druid-1.2.18.jar:na]
	at com.alibaba.druid.pool.DruidAbstractDataSource.createPhysicalConnection(DruidAbstractDataSource.java:1694) ~[druid-1.2.18.jar:na]
	at com.alibaba.druid.pool.DruidAbstractDataSource.createPhysicalConnection(DruidAbstractDataSource.java:1789) ~[druid-1.2.18.jar:na]
	at com.alibaba.druid.pool.DruidDataSource$CreateConnectionThread.run(DruidDataSource.java:2942) ~[druid-1.2.18.jar:na]

2025-10-16T14:41:01.735+08:00 ERROR 18568 --- [Druid-ConnectionPool-Create-1348045338] com.alibaba.druid.pool.DruidDataSource   : create connection SQLException, url: jdbc:mysql://localhost:3306/logistics?serverTimezone=Asia/Shanghai&characterEncoding=UTF-8, errorCode 1045, state 28000

java.sql.SQLException: Access denied for user '肖泽生'@'localhost' (using password: NO)
	at com.mysql.cj.jdbc.exceptions.SQLError.createSQLException(SQLError.java:130) ~[mysql-connector-j-8.0.33.jar:8.0.33]
	at com.mysql.cj.jdbc.exceptions.SQLExceptionsMapping.translateException(SQLExceptionsMapping.java:122) ~[mysql-connector-j-8.0.33.jar:8.0.33]
	at com.mysql.cj.jdbc.ConnectionImpl.createNewIO(ConnectionImpl.java:825) ~[mysql-connector-j-8.0.33.jar:8.0.33]
	at com.mysql.cj.jdbc.ConnectionImpl.<init>(ConnectionImpl.java:446) ~[mysql-connector-j-8.0.33.jar:8.0.33]
	at com.mysql.cj.jdbc.ConnectionImpl.getInstance(ConnectionImpl.java:239) ~[mysql-connector-j-8.0.33.jar:8.0.33]
	at com.mysql.cj.jdbc.NonRegisteringDriver.connect(NonRegisteringDriver.java:188) ~[mysql-connector-j-8.0.33.jar:8.0.33]
	at com.alibaba.druid.filter.FilterChainImpl.connection_connect(FilterChainImpl.java:118) ~[druid-1.2.18.jar:na]
	at com.alibaba.druid.filter.FilterAdapter.connection_connect(FilterAdapter.java:764) ~[druid-1.2.18.jar:na]
	at com.alibaba.druid.filter.FilterChainImpl.connection_connect(FilterChainImpl.java:112) ~[druid-1.2.18.jar:na]
	at com.alibaba.druid.filter.stat.StatFilter.connection_connect(StatFilter.java:232) ~[druid-1.2.18.jar:na]
	at com.alibaba.druid.filter.FilterChainImpl.connection_connect(FilterChainImpl.java:112) ~[druid-1.2.18.jar:na]
	at com.alibaba.druid.pool.DruidAbstractDataSource.createPhysicalConnection(DruidAbstractDataSource.java:1694) ~[druid-1.2.18.jar:na]
	at com.alibaba.druid.pool.DruidAbstractDataSource.createPhysicalConnection(DruidAbstractDataSource.java:1789) ~[druid-1.2.18.jar:na]
	at com.alibaba.druid.pool.DruidDataSource$CreateConnectionThread.run(DruidDataSource.java:2942) ~[druid-1.2.18.jar:na]

2025-10-16T14:41:02.253+08:00 ERROR 18568 --- [Druid-ConnectionPool-Create-1348045338] com.alibaba.druid.pool.DruidDataSource   : create connection SQLException, url: jdbc:mysql://localhost:3306/logistics?serverTimezone=Asia/Shanghai&characterEncoding=UTF-8, errorCode 1045, state 28000

java.sql.SQLException: Access denied for user '肖泽生'@'localhost' (using password: NO)
	at com.mysql.cj.jdbc.exceptions.SQLError.createSQLException(SQLError.java:130) ~[mysql-connector-j-8.0.33.jar:8.0.33]
	at com.mysql.cj.jdbc.exceptions.SQLExceptionsMapping.translateException(SQLExceptionsMapping.java:122) ~[mysql-connector-j-8.0.33.jar:8.0.33]
	at com.mysql.cj.jdbc.ConnectionImpl.createNewIO(ConnectionImpl.java:825) ~[mysql-connector-j-8.0.33.jar:8.0.33]
	at com.mysql.cj.jdbc.ConnectionImpl.<init>(ConnectionImpl.java:446) ~[mysql-connector-j-8.0.33.jar:8.0.33]
	at com.mysql.cj.jdbc.ConnectionImpl.getInstance(ConnectionImpl.java:239) ~[mysql-connector-j-8.0.33.jar:8.0.33]
	at com.mysql.cj.jdbc.NonRegisteringDriver.connect(NonRegisteringDriver.java:188) ~[mysql-connector-j-8.0.33.jar:8.0.33]
	at com.alibaba.druid.filter.FilterChainImpl.connection_connect(FilterChainImpl.java:118) ~[druid-1.2.18.jar:na]
	at com.alibaba.druid.filter.FilterAdapter.connection_connect(FilterAdapter.java:764) ~[druid-1.2.18.jar:na]
	at com.alibaba.druid.filter.FilterChainImpl.connection_connect(FilterChainImpl.java:112) ~[druid-1.2.18.jar:na]
	at com.alibaba.druid.filter.stat.StatFilter.connection_connect(StatFilter.java:232) ~[druid-1.2.18.jar:na]
	at com.alibaba.druid.filter.FilterChainImpl.connection_connect(FilterChainImpl.java:112) ~[druid-1.2.18.jar:na]
	at com.alibaba.druid.pool.DruidAbstractDataSource.createPhysicalConnection(DruidAbstractDataSource.java:1694) ~[druid-1.2.18.jar:na]
	at com.alibaba.druid.pool.DruidAbstractDataSource.createPhysicalConnection(DruidAbstractDataSource.java:1789) ~[druid-1.2.18.jar:na]
	at com.alibaba.druid.pool.DruidDataSource$CreateConnectionThread.run(DruidDataSource.java:2942) ~[druid-1.2.18.jar:na]

2025-10-16T14:41:02.910+08:00 ERROR 18568 --- [Druid-ConnectionPool-Create-1348045338] com.alibaba.druid.pool.DruidDataSource   : create connection SQLException, url: jdbc:mysql://localhost:3306/logistics?serverTimezone=Asia/Shanghai&characterEncoding=UTF-8, errorCode 1045, state 28000

java.sql.SQLException: Access denied for user '肖泽生'@'localhost' (using password: NO)
	at com.mysql.cj.jdbc.exceptions.SQLError.createSQLException(SQLError.java:130) ~[mysql-connector-j-8.0.33.jar:8.0.33]
	at com.mysql.cj.jdbc.exceptions.SQLExceptionsMapping.translateException(SQLExceptionsMapping.java:122) ~[mysql-connector-j-8.0.33.jar:8.0.33]
	at com.mysql.cj.jdbc.ConnectionImpl.createNewIO(ConnectionImpl.java:825) ~[mysql-connector-j-8.0.33.jar:8.0.33]
	at com.mysql.cj.jdbc.ConnectionImpl.<init>(ConnectionImpl.java:446) ~[mysql-connector-j-8.0.33.jar:8.0.33]
	at com.mysql.cj.jdbc.ConnectionImpl.getInstance(ConnectionImpl.java:239) ~[mysql-connector-j-8.0.33.jar:8.0.33]
	at com.mysql.cj.jdbc.NonRegisteringDriver.connect(NonRegisteringDriver.java:188) ~[mysql-connector-j-8.0.33.jar:8.0.33]
	at com.alibaba.druid.filter.FilterChainImpl.connection_connect(FilterChainImpl.java:118) ~[druid-1.2.18.jar:na]
	at com.alibaba.druid.filter.FilterAdapter.connection_connect(FilterAdapter.java:764) ~[druid-1.2.18.jar:na]
	at com.alibaba.druid.filter.FilterChainImpl.connection_connect(FilterChainImpl.java:112) ~[druid-1.2.18.jar:na]
	at com.alibaba.druid.filter.stat.StatFilter.connection_connect(StatFilter.java:232) ~[druid-1.2.18.jar:na]
	at com.alibaba.druid.filter.FilterChainImpl.connection_connect(FilterChainImpl.java:112) ~[druid-1.2.18.jar:na]
	at com.alibaba.druid.pool.DruidAbstractDataSource.createPhysicalConnection(DruidAbstractDataSource.java:1694) ~[druid-1.2.18.jar:na]
	at com.alibaba.druid.pool.DruidAbstractDataSource.createPhysicalConnection(DruidAbstractDataSource.java:1789) ~[druid-1.2.18.jar:na]
	at com.alibaba.druid.pool.DruidDataSource$CreateConnectionThread.run(DruidDataSource.java:2942) ~[druid-1.2.18.jar:na]

2025-10-16T14:41:03.427+08:00 ERROR 18568 --- [Druid-ConnectionPool-Create-1348045338] com.alibaba.druid.pool.DruidDataSource   : create connection SQLException, url: jdbc:mysql://localhost:3306/logistics?serverTimezone=Asia/Shanghai&characterEncoding=UTF-8, errorCode 1045, state 28000

java.sql.SQLException: Access denied for user '肖泽生'@'localhost' (using password: NO)
	at com.mysql.cj.jdbc.exceptions.SQLError.createSQLException(SQLError.java:130) ~[mysql-connector-j-8.0.33.jar:8.0.33]
	at com.mysql.cj.jdbc.exceptions.SQLExceptionsMapping.translateException(SQLExceptionsMapping.java:122) ~[mysql-connector-j-8.0.33.jar:8.0.33]
	at com.mysql.cj.jdbc.ConnectionImpl.createNewIO(ConnectionImpl.java:825) ~[mysql-connector-j-8.0.33.jar:8.0.33]
	at com.mysql.cj.jdbc.ConnectionImpl.<init>(ConnectionImpl.java:446) ~[mysql-connector-j-8.0.33.jar:8.0.33]
	at com.mysql.cj.jdbc.ConnectionImpl.getInstance(ConnectionImpl.java:239) ~[mysql-connector-j-8.0.33.jar:8.0.33]
	at com.mysql.cj.jdbc.NonRegisteringDriver.connect(NonRegisteringDriver.java:188) ~[mysql-connector-j-8.0.33.jar:8.0.33]
	at com.alibaba.druid.filter.FilterChainImpl.connection_connect(FilterChainImpl.java:118) ~[druid-1.2.18.jar:na]
	at com.alibaba.druid.filter.FilterAdapter.connection_connect(FilterAdapter.java:764) ~[druid-1.2.18.jar:na]
	at com.alibaba.druid.filter.FilterChainImpl.connection_connect(FilterChainImpl.java:112) ~[druid-1.2.18.jar:na]
	at com.alibaba.druid.filter.stat.StatFilter.connection_connect(StatFilter.java:232) ~[druid-1.2.18.jar:na]
	at com.alibaba.druid.filter.FilterChainImpl.connection_connect(FilterChainImpl.java:112) ~[druid-1.2.18.jar:na]
	at com.alibaba.druid.pool.DruidAbstractDataSource.createPhysicalConnection(DruidAbstractDataSource.java:1694) ~[druid-1.2.18.jar:na]
	at com.alibaba.druid.pool.DruidAbstractDataSource.createPhysicalConnection(DruidAbstractDataSource.java:1789) ~[druid-1.2.18.jar:na]
	at com.alibaba.druid.pool.DruidDataSource$CreateConnectionThread.run(DruidDataSource.java:2942) ~[druid-1.2.18.jar:na]

2025-10-16T14:41:03.947+08:00 ERROR 18568 --- [Druid-ConnectionPool-Create-1348045338] com.alibaba.druid.pool.DruidDataSource   : create connection SQLException, url: jdbc:mysql://localhost:3306/logistics?serverTimezone=Asia/Shanghai&characterEncoding=UTF-8, errorCode 1045, state 28000

java.sql.SQLException: Access denied for user '肖泽生'@'localhost' (using password: NO)
	at com.mysql.cj.jdbc.exceptions.SQLError.createSQLException(SQLError.java:130) ~[mysql-connector-j-8.0.33.jar:8.0.33]
	at com.mysql.cj.jdbc.exceptions.SQLExceptionsMapping.translateException(SQLExceptionsMapping.java:122) ~[mysql-connector-j-8.0.33.jar:8.0.33]
	at com.mysql.cj.jdbc.ConnectionImpl.createNewIO(ConnectionImpl.java:825) ~[mysql-connector-j-8.0.33.jar:8.0.33]
	at com.mysql.cj.jdbc.ConnectionImpl.<init>(ConnectionImpl.java:446) ~[mysql-connector-j-8.0.33.jar:8.0.33]
	at com.mysql.cj.jdbc.ConnectionImpl.getInstance(ConnectionImpl.java:239) ~[mysql-connector-j-8.0.33.jar:8.0.33]
	at com.mysql.cj.jdbc.NonRegisteringDriver.connect(NonRegisteringDriver.java:188) ~[mysql-connector-j-8.0.33.jar:8.0.33]
	at com.alibaba.druid.filter.FilterChainImpl.connection_connect(FilterChainImpl.java:118) ~[druid-1.2.18.jar:na]
	at com.alibaba.druid.filter.FilterAdapter.connection_connect(FilterAdapter.java:764) ~[druid-1.2.18.jar:na]
	at com.alibaba.druid.filter.FilterChainImpl.connection_connect(FilterChainImpl.java:112) ~[druid-1.2.18.jar:na]
	at com.alibaba.druid.filter.stat.StatFilter.connection_connect(StatFilter.java:232) ~[druid-1.2.18.jar:na]
	at com.alibaba.druid.filter.FilterChainImpl.connection_connect(FilterChainImpl.java:112) ~[druid-1.2.18.jar:na]
	at com.alibaba.druid.pool.DruidAbstractDataSource.createPhysicalConnection(DruidAbstractDataSource.java:1694) ~[druid-1.2.18.jar:na]
	at com.alibaba.druid.pool.DruidAbstractDataSource.createPhysicalConnection(DruidAbstractDataSource.java:1789) ~[druid-1.2.18.jar:na]
	at com.alibaba.druid.pool.DruidDataSource$CreateConnectionThread.run(DruidDataSource.java:2942) ~[druid-1.2.18.jar:na]

